frame,frame_ms,terrain_ms,spaceship_ms,launchpad_ms,viewA_ms,viewB_ms,cpuRender_ms,cpuFrame_ms
1,2.23334,2.15962,0.001024,0.0256,2.19034,0.001024,1.9681,2.1127
2,2.59789,2.52928,0.001024,0.0256,2.56,0.001024,2.6577,2.7131
0,12.4539,2.51187,0.001024,0.024576,2.54157,0.001024,0.1953,0.2271
1,17.0097,2.14733,0.001024,0.0256,2.176,0.001024,12.9156,12.9319
2,16.3871,2.14733,0.001024,0.024576,2.17702,0.001024,17.0415,17.064
0,17.4612,2.14835,0.001024,0.026624,2.17907,0,16.1167,16.1616
1,18.561,2.14835,0.001024,0.0256,2.17907,0.001024,17.34,17.3752
2,14.462,2.1463,0.001024,0.0256,2.176,0,17.7631,17.8028
0,16.9431,2.14733,0.001024,0.024576,2.176,0.001024,13.9293,14.0101
1,16.0369,2.14835,0.001024,0.0256,2.17702,0.001024,16.9104,16.9422
2,17.364,2.14733,0.001024,0.023552,2.176,0.001024,16.6951,16.7276
0,15.9406,2.14733,0.001024,0.0256,2.17702,0.001024,15.7872,15.8223
1,16.6728,2.14835,0.001024,0.0256,2.17805,0.001024,15.8779,15.9103
2,16.6902,2.14733,0,0.026624,2.17702,0,16.549,16.5861
0,17.278,2.14733,0.001024,0.0256,2.17702,0.001024,16.5663,16.6971
1,15.8249,2.1463,0.001024,0.026624,2.176,0.001024,17.1758,17.211
2,33.5964,2.14733,0.001024,0.026624,2.17805,0.001024,15.7296,15.7636
0,16.9789,2.14733,0.001024,0.024576,2.176,0.001024,33.4951,33.5438
1,15.9939,2.1463,0.001024,0.0256,2.176,0.001024,16.834,16.87
2,16.9595,2.14733,0.001024,0.0256,2.176,0.001024,15.9983,16.0294
0,18.0081,2.14733,0.001024,0.0256,2.176,0.001024,16.9392,16.9735
1,15.1982,2.14835,0.001024,0.026624,2.1801,0.001024,17.263,17.2954
2,16.9052,2.14733,0,0.0256,2.176,0.001024,15.6993,15.7328
0,16.7342,2.14733,0.001024,0.024576,2.17702,0.001024,16.9725,17.0046
1,16.4045,2.14938,0,0.0256,2.17805,0.001024,16.5912,16.6245
2,16.4311,2.14835,0.001024,0.024576,2.17805,0.001024,15.7645,15.7973
0,16.981,2.15142,0.001024,0.0256,2.18214,0,16.1821,16.2209
1,17.1878,2.14835,0,0.026624,2.17805,0.001024,16.3386,16.3832
2,15.6314,2.14835,0,0.0256,2.17805,0.001024,16.5736,16.6172
0,17.6353,2.14938,0.001024,0.024576,2.17805,0.001024,13.9793,14.0227
1,16.1362,2.15245,0,0.0256,2.18214,0.001024,17.0595,17.0899
2,16.9247,2.14938,0.001024,0.0256,2.17907,0.001024,15.7345,15.7674
0,16.1587,2.15142,0.001024,0.024576,2.1801,0.001024,16.5343,16.5838
1,16.638,2.15142,0.001024,0.024576,2.1801,0.001024,15.892,15.9991
2,16.6636,2.15142,0.001024,0.024576,2.18112,0.001024,16.3939,16.4273
0,18.2477,2.14938,0.001024,0.024576,2.17907,0,16.3596,16.3919
1,15.7686,2.1504,0.001024,0.024576,2.1801,0.001024,17.2895,17.3251
2,16.1096,2.1504,0.001024,0.024576,2.1801,0,15.4461,15.499
0,16.8653,2.15142,0.001024,0.0256,2.18112,0.001024,15.8609,15.9058
1,16.769,2.15245,0.001024,0.0256,2.18317,0,16.5364,16.5821
2,16.5294,2.15347,0.001024,0.024576,2.18317,0.001024,16.7014,16.7367
0,16.7875,2.14938,0.001024,0.0256,2.1801,0,16.4416,16.4716
1,17.4817,2.15142,0.001024,0.024576,2.1801,0.001024,16.6876,16.7283
2,15.4532,2.15552,0.001024,0.024576,2.18522,0,16.4371,16.4711
0,16.7936,2.14835,0,0.026624,2.17907,0,16.3241,16.3561
1,16.6144,2.1504,0.001024,0.0256,2.1801,0.001024,16.6176,16.6738
2,18.6194,2.15347,0.001024,0.0256,2.18419,0.001024,16.2479,16.3079
0,14.8644,2.1545,0.001024,0.024576,2.18317,0.001024,18.6186,18.6456
1,16.8499,2.1504,0.001024,0.024576,2.1801,0.001024,14.7084,14.7415
2,16.3727,2.15245,0.001024,0.0256,2.18214,0.001024,16.7855,16.8364
0,17.2001,2.15552,0.001024,0.023552,2.18419,0.001024,16.4113,16.4353
1,16.5192,2.15142,0,0.0256,2.18112,0.001024,16.5345,16.5661
2,16.6124,2.1504,0.001024,0.0256,2.17907,0.001024,16.4528,16.5191
0,16.4536,2.15347,0.001024,0.024576,2.18317,0.001024,16.3415,16.3732
1,17.5319,2.15347,0.001024,0.026624,2.18419,0,15.495,15.5272
2,15.8382,2.14835,0.001024,0.024576,2.17805,0.001024,16.4614,16.5078
0,16.8182,2.15142,0.001024,0.023552,2.1801,0.001024,14.8364,14.8687
1,17.2155,2.15552,0.001024,0.0256,2.18419,0.001024,16.3195,16.3542
2,15.8884,2.14938,0.001024,0.0256,2.1801,0.001024,17.045,17.078
0,16.5796,2.15757,0.001024,0.024576,2.18726,0,14.8799,14.918
1,17.3588,2.15245,0,0.024576,2.18112,0,15.9223,15.9595
2,15.8904,2.15245,0,0.024576,2.1801,0.001024,16.5327,16.5666
0,16.7485,2.15142,0.001024,0.026624,2.18112,0.001024,15.8778,15.9208
1,139.447,2.15245,0.001024,0.024576,2.18112,0.001024,16.0567,16.091
2,13.6663,2.17702,0,0.026624,2.20877,0.001024,2.816,2.9652
0,2.94093,2.18624,0,0.022528,2.21286,0.001024,3.8471,3.9475
1,2.3255,2.18419,0.001024,0.023552,2.21389,0.001024,10.6021,10.6329
2,12.0771,2.75354,0.001024,0.024576,2.78221,0.001024,1.3531,1.3999
0,10.5083,2.16576,0.001024,0.024576,2.19546,0.001024,12.7534,12.7939
1,33.3271,2.16474,0.001024,0.024576,2.19341,0.001024,10.5299,10.5785
2,17.0732,2.16064,0,0.0256,2.19034,0.001024,33.1982,33.2313
0,16.2253,2.16064,0.001024,0.024576,2.19034,0.001024,17.0633,17.0969
1,15.7235,2.16166,0.001024,0.0256,2.19136,0.001024,15.7921,15.8342
2,16.8131,2.16064,0.001024,0.026624,2.18931,0.001024,15.9198,15.9645
0,16.5509,2.16576,0,0.0256,2.19546,0.001024,16.6814,16.7277
1,16.9615,2.16371,0.001024,0.023552,2.19238,0.001024,16.5537,16.5887
2,16.641,2.16371,0,0.024576,2.19238,0.001024,16.8485,16.8968
0,16.9933,2.16678,0.001024,0.024576,2.19648,0.001024,16.5729,16.6131
1,15.9642,2.15962,0,0.0256,2.18931,0.001024,16.9576,16.9938
2,16.9738,2.15962,0.001024,0.024576,2.18931,0.001024,15.941,15.9805
0,16.511,2.16371,0.001024,0.024576,2.19341,0,16.9476,16.9791
1,16.7823,2.15552,0.001024,0.0256,2.18522,0.001024,16.2969,16.3384
2,16.5714,2.16371,0.001024,0.0256,2.19341,0.001024,16.7932,16.829
0,17.5555,2.16474,0.001024,0.0256,2.19443,0.001024,16.5243,16.5608
1,15.7737,2.16371,0.001024,0.024576,2.19341,0.001024,17.3619,17.3956
2,16.7516,2.16883,0.001024,0.0256,2.1975,0.001024,15.8903,15.9204
0,17.065,2.16166,0.001024,0.024576,2.19034,0,16.6554,16.6848
1,15.6467,2.15962,0.001024,0.024576,2.18829,0,15.8311,15.8609
2,34.7177,2.16064,0.001024,0.0256,2.19034,0.001024,16.7145,16.7449
0,15.5331,2.15859,0.001024,0.0256,2.18931,0,34.6481,34.6779
1,16.6042,2.16064,0.001024,0.0256,2.18931,0.001024,15.4516,15.4863
2,16.8458,2.16576,0.001024,0.024576,2.19648,0,16.6233,16.6571
0,16.8837,2.15859,0,0.0256,2.18829,0,16.4031,16.4654
1,16.6298,2.1545,0.001024,0.024576,2.18419,0.001024,16.9697,17.033
2,16.3738,2.16781,0,0.0256,2.19853,0.001024,16.4315,16.4738
0,17.2278,2.16576,0.001024,0.024576,2.19546,0.001024,16.4093,16.445
1,17.2841,2.15962,0.001024,0.024576,2.18931,0,17.0209,17.0779
2,17.0445,2.16576,0,0.0256,2.19546,0.001024,16.7571,16.8066
0,16.0297,2.15859,0.001024,0.0256,2.18829,0.001024,16.2762,16.3298
1,16.7465,2.16269,0,0.0256,2.19238,0.001024,15.6785,15.7315
2,17.2083,2.16166,0.001024,0.0256,2.19238,0.001024,16.4353,16.4808
0,15.7706,2.15757,0.001024,0.0256,2.18726,0.001024,16.082,16.1156
1,18.3788,2.1545,0,0.0256,2.18419,0.001024,14.1952,14.2265
2,15.8915,2.15859,0,0.0256,2.18726,0.001024,16.4531,16.4891
0,14.8675,2.16064,0.001024,0.026624,2.19136,0.001024,14.2009,14.2332
1,17.3005,2.15347,0.001024,0.0256,2.18624,0.001024,14.2754,14.3088
2,16.3789,2.16064,0.001024,0.0256,2.19034,0.001024,16.9359,16.968
0,17.0629,2.15142,0.001024,0.024576,2.1801,0.001024,15.249,15.2853
1,15.8556,2.15552,0,0.0256,2.18522,0,16.7241,16.7597
2,17.0322,2.15757,0.001024,0.024576,2.18829,0.001024,15.4754,15.5366
0,17.1121,2.16883,0,0.0256,2.19853,0.001024,16.696,16.7372
1,15.788,2.15859,0.001024,0.026624,2.18829,0.001024,16.8156,16.8539
2,17.7623,2.16166,0.001024,0.0256,2.19136,0.001024,15.6739,15.7128
0,15.9887,2.16166,0.001024,0.024576,2.19034,0.001024,17.4348,17.4722
1,16.6298,2.15859,0.001024,0.0256,2.18931,0.001024,15.7171,15.7546
2,16.768,2.15757,0.001024,0.0256,2.18726,0.001024,16.0653,16.1403
0,16.6554,2.16576,0.001024,0.0256,2.19648,0.001024,16.7017,16.7418
1,16.4372,2.16166,0,0.0256,2.19238,0.001024,16.4943,16.533
2,16.298,2.16166,0,0.0256,2.19034,0.001024,16.2307,16.2675
0,16.812,2.17395,0.001024,0.0256,2.20365,0.001024,16.3694,16.4017
1,17.4326,2.16371,0.001024,0.024576,2.19341,0,16.9447,16.9898
2,16.3195,2.16064,0.001024,0.024576,2.19034,0.001024,17.1539,17.1868
0,16.213,2.15859,0.001024,0.024576,2.18829,0.001024,16.2094,16.2438
1,17.0486,2.15654,0.001024,0.023552,2.18522,0.001024,16.1395,16.1853
2,17.6476,2.15654,0,0.0256,2.18726,0.001024,16.9769,17.0227
0,15.5269,2.15347,0.001024,0.0256,2.18317,0.001024,17.5834,17.6174
1,16.7916,2.16371,0.001024,0.0256,2.19443,0.001024,15.5218,15.564
2,17.066,2.16269,0.001024,0.024576,2.19136,0.001024,16.436,16.4777
0,15.7768,2.15962,0.001024,0.0256,2.18931,0.001024,17.0804,17.1262
1,16.6595,2.15859,0.001024,0.0256,2.18829,0,15.7809,15.8134
2,17.5442,2.16781,0.001024,0.0256,2.1975,0.001024,16.6047,16.6361
0,16.1935,2.15859,0,0.024576,2.18726,0.001024,16.7457,16.7606
1,16.3615,2.15859,0.001024,0.0256,2.18829,0.001024,16.9142,16.9352
2,16.7526,2.16781,0.001024,0.0256,2.1975,0.001024,16.2285,16.2509
0,16.4721,2.16166,0.001024,0.0256,2.19341,0.001024,16.7703,16.796
1,16.7526,2.16269,0.001024,0.0256,2.19238,0.001024,16.5071,16.5495
2,16.9533,2.15962,0.001024,0.024576,2.18931,0,16.53,16.548
0,16.2775,2.16166,0,0.024576,2.19034,0.001024,16.9021,16.9178
1,17.3312,2.15757,0.001024,0.0256,2.18726,0.001024,16.3277,16.3473
2,18.2999,2.15859,0.001024,0.0256,2.18829,0.001024,17.19,17.2109
0,15.3774,2.16064,0.001024,0.0256,2.18931,0.001024,18.2166,18.2636
1,15.8689,2.16371,0.001024,0.0256,2.19341,0.001024,15.2213,15.2488
2,16.7045,2.91942,0.004096,0.031744,2.95936,0.001024,15.2827,15.3083
0,16.8827,2.90714,0.004096,0.029696,2.94502,0,16.576,16.6011
1,16.5161,2.92454,0.00512,0.031744,2.96653,0.001024,16.8438,16.8603
2,18.2723,2.91635,0.00512,0.032768,2.95936,0.001024,16.5965,16.6103
0,15.3436,2.91021,0.00512,0.029696,2.94707,0.001024,18.0669,18.0825
1,17.1674,2.90202,0.004096,0.031744,2.94195,0.001024,15.4567,15.4768
2,16.0215,2.90099,0.00512,0.031744,2.94195,0.001024,17.1324,17.1513
0,17.2421,2.90611,0.004096,0.03072,2.94502,0.001024,15.8751,15.8957
1,16.4854,2.91226,0.004096,0.032768,2.95322,0.001024,17.2848,17.3061
2,16.383,2.90509,0.00512,0.032768,2.94707,0.001024,16.3771,16.3944
0,16.5253,2.91328,0.003072,0.031744,2.95219,0.001024,13.567,13.5857
1,17.3896,2.91021,0.006144,0.031744,2.95219,0.001024,16.5436,16.5746
2,16.6738,2.90202,0.00512,0.031744,2.944,0.001024,17.0177,17.0454
0,15.7819,2.90304,0.004096,0.032768,2.94502,0.001024,16.5371,16.5611
1,16.7434,2.89894,0.00512,0.029696,2.93888,0,15.6244,15.7127
2,16.4936,2.90304,0.003072,0.031744,2.94195,0,16.7267,16.7432
0,18.0101,2.89997,0.006144,0.031744,2.94093,0.001024,16.5521,16.5669
1,16.1065,2.89997,0.00512,0.029696,2.93888,0,17.8551,17.8722
2,16.5939,2.90509,0.004096,0.03072,2.94502,0.001024,16.171,16.1941
0,16.9544,2.90406,0.003072,0.031744,2.944,0.001024,16.3239,16.3439
1,15.5576,2.89587,0.004096,0.031744,2.93683,0,17.101,17.1232
2,16.7332,2.8887,0.004096,0.031744,2.92762,0.001024,15.5388,15.5778
0,18.1494,2.89485,0.00512,0.028672,2.93274,0.001024,16.6474,16.6691
1,16.3205,2.88973,0.003072,0.031744,2.92864,0,18.0843,18.1164
2,16.386,2.88768,0.004096,0.029696,2.92659,0,16.255,16.2901
0,16.8468,2.8969,0.00512,0.032768,2.93888,0.001024,16.3915,16.4238
1,17.1694,2.89178,0.00512,0.029696,2.93171,0.001024,16.6522,16.6894
2,16.2253,2.89997,0.004096,0.032768,2.94195,0,17.1113,17.1467
0,16.1065,2.8969,0.008192,0.026624,2.93683,0.001024,16.1934,16.2304
1,16.0072,2.90611,0.00512,0.03072,2.94605,0.001024,16.083,16.1131
2,16.7127,2.90611,0.003072,0.03072,2.944,0.001024,15.9247,15.9575
0,16.5396,2.89587,0.006144,0.031744,2.93786,0.001024,16.812,16.8428
1,17.4705,2.8928,0.004096,0.03072,2.93171,0.001024,16.4595,16.4901
2,16.7383,2.89075,0.00512,0.03072,2.92966,0.001024,17.2405,17.2658
0,17.0598,2.90099,0.004096,0.029696,2.9399,0.001024,16.6652,16.7021
1,16.6584,2.90509,0.004096,0.031744,2.94502,0,17.3267,17.3495
2,15.7747,2.89485,0.004096,0.029696,2.93376,0,16.2761,16.3104
0,17.4182,2.90202,0.004096,0.03072,2.93888,0.001024,15.7717,15.7932
1,15.6488,2.90304,0.00512,0.032768,2.94502,0,17.3518,17.371
2,16.5468,2.88768,0.00512,0.031744,2.92966,0.001024,15.6218,15.6411
0,17.5596,2.89997,0.004096,0.031744,2.94195,0,16.4889,16.5073
1,17.0895,2.89997,0.00512,0.029696,2.93888,0.001024,17.4909,17.5105
2,16.5386,2.89587,0.003072,0.03072,2.93376,0.001024,17.0318,17.0764
0,16.8202,2.90509,0.002048,0.031744,2.94195,0.001024,16.4728,16.4995
1,16.8684,2.89587,0.004096,0.03072,2.93478,0.001024,16.7195,16.7432
2,16.6973,2.89075,0.003072,0.031744,2.92966,0,16.8065,16.8418
0,16.4239,2.8969,0.003072,0.032768,2.93683,0.001024,16.6021,16.6303
1,15.5515,2.89587,0.00512,0.029696,2.93581,0.001024,16.4148,16.451
2,16.6134,2.89587,0.004096,0.031744,2.93581,0.001024,15.7281,15.747
0,17.5073,2.89792,0.004096,0.03072,2.93683,0.001024,16.4508,16.4744
1,15.6078,2.89382,0.00512,0.03072,2.93376,0.001024,17.3167,17.3386
2,17.0025,2.90611,0.003072,0.031744,2.94502,0,15.7777,15.815
0,16.1925,2.89997,0.004096,0.031744,2.94093,0.001024,16.6549,16.6947
1,16.9605,2.90099,0.004096,0.031744,2.94093,0.001024,16.274,16.2953
2,17.7449,2.8969,0.004096,0.028672,2.93376,0.001024,16.7957,16.814
0,16.7373,2.55795,0.002048,0.024576,2.60198,2.58867,17.6929,17.7207
1,15.487,2.55795,0.004096,0.024576,2.60096,2.5897,16.6242,16.6502
2,17.11,2.56205,0.003072,0.0256,2.59277,2.59379,15.4568,15.5284
0,16.1546,2.56307,0.003072,0.0256,2.58867,2.59482,16.9865,17.0203
1,16.9257,2.55283,0.004096,0.023552,2.59584,2.58458,16.1428,16.1644
2,16.2703,2.56307,0.003072,0.024576,2.59174,2.59482,16.7702,16.7887
0,17.0537,2.57229,0.004096,0.0256,2.59482,2.60403,16.3811,16.3977
1,16.3922,2.55386,0.003072,0.0256,2.59789,2.5856,16.9426,16.968
2,16.7148,2.56205,0.003072,0.024576,2.59891,2.59277,16.3497,16.3869
0,16.51,2.56307,0.003072,0.0256,2.58458,2.59584,16.6079,16.6442
1,17.0721,2.56717,0.002048,0.0256,2.60301,2.59891,16.5263,16.5528
2,16.6687,2.56614,0.004096,0.0256,2.59584,2.59789,16.927,16.9506
0,16.5315,2.49344,0.003072,0.023552,2.5344,2.52518,16.1371,16.1794
1,16.4946,2.50778,0.003072,0.023552,2.52826,2.5385,16.4996,16.5251
2,16.7434,2.49446,0.003072,0.023552,2.51802,2.52518,16.5529,16.5892
0,16.6932,2.48627,0.003072,0.024576,2.52621,2.51699,16.7983,16.8268
1,16.6175,2.4873,0.004096,0.024576,2.51187,2.51904,16.4925,16.5339
2,16.5929,2.48832,0.003072,0.024576,2.51597,2.52006,16.5568,16.5931
0,16.7199,2.48832,0.003072,0.024576,2.51494,2.51904,16.5374,16.5739
1,16.6205,2.4873,0.003072,0.024576,2.52518,2.51802,16.6679,16.7074
2,16.5233,2.51904,0.003072,0.023552,2.53747,2.54976,16.4898,16.534
0,16.7946,2.49242,0.003072,0.024576,2.5303,2.52416,16.4695,16.5081
1,16.6707,2.4873,0.003072,0.024576,2.5303,2.51802,16.8038,16.8415
2,16.5059,2.49139,0.003072,0.024576,2.52723,2.52314,16.4962,16.5488
0,16.6164,2.50675,0.002048,0.024576,2.5344,2.53747,16.4942,16.5272
1,16.6277,2.49139,0.003072,0.023552,2.52109,2.52211,16.6093,16.6384
2,16.6277,2.49446,0.002048,0.024576,2.51597,2.52518,16.5539,16.5868
0,17.3896,2.5047,0.002048,0.026624,2.53338,2.53542,16.595,16.6248
1,16.0932,2.49344,0.002048,0.0256,2.52211,2.52518,17.4062,17.4396
2,16.7199,2.50061,0.003072,0.0256,2.52723,2.53338,15.9025,15.9368
0,16.8366,2.50266,0.003072,0.023552,2.52826,2.53338,16.6694,16.7025
1,16.5868,2.48627,0.003072,0.023552,2.5303,2.51699,16.7289,16.7554
2,16.4506,2.49037,0.003072,0.022528,2.53542,2.52109,16.5322,16.559
0,16.6195,2.49037,0.003072,0.024576,2.53952,2.52109,16.4351,16.4593
1,17.0342,2.49344,0.003072,0.024576,2.5303,2.52518,16.581,16.6185
2,16.3082,2.50061,0.003072,0.024576,2.53235,2.53235,16.8836,16.9094
0,16.6595,2.49958,0.004096,0.023552,2.54566,2.52928,16.3431,16.4021
1,16.9032,2.49549,0.003072,0.024576,2.54054,2.52621,16.9707,16.9976
2,16.7895,2.48934,0.003072,0.024576,2.53338,2.52211,16.3743,16.4167
0,16.5775,2.50061,0.003072,0.0256,2.53235,2.53235,16.6835,16.7256
1,16.4741,2.49446,0.003072,0.023552,2.52826,2.52518,16.5746,16.6023
2,16.7967,2.50368,0.003072,0.024576,2.53645,2.53542,16.5208,16.5441
0,16.6523,2.48627,0.003072,0.023552,2.51494,2.51597,16.6135,16.6339
1,17.2595,2.5129,0.003072,0.0256,2.52928,2.54464,16.7283,16.7485
2,17.2718,2.50573,0.003072,0.022528,2.52314,2.53542,17.1682,17.2069
0,16.6461,2.49242,0.003072,0.023552,2.5344,2.52109,17.2179,17.2437
1,16.6758,2.49958,0.002048,0.024576,2.52006,2.5303,16.5956,16.6225
2,16.6349,2.49549,0.003072,0.023552,2.52211,2.52621,16.6207,16.642
0,16.7649,2.46989,0.002048,0.024576,2.50982,2.50061,16.5955,16.617
1,15.3743,2.46886,0.003072,0.024576,2.50163,2.49958,16.722,16.7461
2,16.8796,2.47296,0.003072,0.022528,2.50368,2.50163,15.3985,15.4222
0,16.554,2.47501,0.003072,0.023552,2.51699,2.5047,16.6564,16.6996
1,16.9452,2.46784,0.003072,0.024576,2.5129,2.49856,16.5004,16.5351
2,16.7363,2.46784,0.002048,0.024576,2.50368,2.49856,16.8253,16.8521
0,17.3548,2.46784,0.003072,0.024576,2.50982,2.49958,16.7403,16.764
1,16.3174,2.47194,0.003072,0.023552,2.50061,2.50266,16.5792,16.5993
2,17.4162,2.46477,0.002048,0.023552,2.50368,2.49651,17.014,17.0561
0,15.8577,2.47706,0.001024,0.0256,2.49344,2.50778,17.2623,17.3146
1,16.8315,2.46886,0.002048,0.0256,2.5047,2.49958,15.7371,15.7741
2,17.1295,2.46477,0.004096,0.023552,2.50266,2.49651,16.827,16.8663
0,16.0369,2.33472,0.002048,0.023552,2.35315,2.36339,17.0296,17.0514
1,16.1802,2.31834,0.003072,0.021504,2.36749,2.34701,16.1323,16.1525
2,16.471,2.32755,0.003072,0.022528,2.36134,2.35725,16.0463,16.0677
0,16.6799,2.3296,0.003072,0.023552,2.36954,2.35827,16.3826,16.4088
1,16.6543,2.32755,0.003072,0.023552,2.35725,2.35725,16.622,16.6501
2,16.6216,2.33472,0.003072,0.023552,2.37363,2.36339,16.6113,16.6354
0,16.4946,2.32755,0.002048,0.024576,2.36032,2.35622,16.6182,16.6503
1,16.8745,2.32448,0.004096,0.021504,2.36851,2.35315,16.3751,16.4135
2,17.5585,2.3255,0.002048,0.022528,2.3552,2.35418,16.9564,16.979
0,17.0527,2.31834,0.003072,0.022528,2.35827,2.34701,17.4608,17.486
1,15.7573,2.31936,0.002048,0.022528,2.35213,2.34803,16.9748,17.009
2,16.1065,2.32755,0.003072,0.022528,2.35827,2.35622,15.6438,15.6829
0,17.0424,2.32448,0.003072,0.021504,2.36339,2.35213,16.1927,16.2149
1,16.4035,2.32243,0.003072,0.022528,2.36339,2.35213,16.8783,16.9104
2,16.5827,2.33472,0.002048,0.021504,2.3593,2.36237,16.3535,16.3799
0,16.5919,2.33574,0.003072,0.021504,2.3552,2.36442,16.6055,16.6342
1,16.6789,2.32038,0.003072,0.021504,2.35725,2.35008,16.552,16.5911
2,16.7117,2.3337,0.003072,0.022528,2.35827,2.36237,16.6285,16.6578
0,16.469,2.32858,0.003072,0.022528,2.36954,2.35725,16.6428,16.6666
1,17.4797,2.33779,0.003072,0.022528,2.37158,2.36544,16.4895,16.5149
2,16.0184,2.33062,0.003072,0.022528,2.36646,2.3593,17.3092,17.3463
0,16.6502,2.33574,0.004096,0.021504,2.35827,2.36442,16.0349,16.0612
1,16.5949,2.32243,0.003072,0.021504,2.35622,2.3511,16.5932,16.6219
2,16.5939,2.33472,0.003072,0.023552,2.36851,2.36442,16.5511,16.5766
0,16.9626,2.33574,0.003072,0.023552,2.36749,2.36442,16.5475,16.5689
1,16.7086,2.33062,0.003072,0.021504,2.36851,2.35725,16.7711,16.7932
2,16.3103,2.33677,0.003072,0.021504,2.37363,2.36544,16.6605,16.6944
0,17.0527,2.32653,0.003072,0.023552,2.37363,2.35622,16.3746,16.4148
1,16.7434,2.33062,0.003072,0.022528,2.3593,2.35827,16.888,16.9142
2,19.9178,2.33062,0.003072,0.021504,2.36749,2.3593,16.7053,16.7318
0,13.3079,2.32858,0.002048,0.023552,2.35315,2.35827,19.776,19.8077
1,16.5612,2.34086,0.002048,0.022528,2.36442,2.36851,13.4045,13.4331
2,16.4209,2.33472,0.002048,0.022528,2.35827,2.36339,16.3569,16.388
0,16.639,2.32448,0.002048,0.022528,2.37466,2.35315,16.497,16.5298
1,16.8223,2.32243,0.003072,0.022528,2.35622,2.3511,17.0403,17.0701
2,16.6441,2.32858,0.003072,0.022528,2.37466,2.35827,16.2972,16.325
0,16.6605,2.3296,0.003072,0.022528,2.35315,2.3593,16.617,16.6446
1,16.4567,2.31117,0.002048,0.023552,2.36237,2.33984,16.5811,16.6126
2,16.8561,2.33472,0.003072,0.022528,2.36749,2.36442,16.4676,16.4977
0,16.9912,2.3255,0.002048,0.023552,2.36339,2.3552,16.7412,16.7677
1,16.2898,2.33267,0.003072,0.021504,2.36646,2.36134,16.8207,16.8474
2,17.2165,2.32858,0.004096,0.022528,2.36339,2.35622,16.2991,16.3282
0,16.0922,2.33267,0.002048,0.023552,2.34803,2.36134,17.1514,17.1785
1,16.5683,2.33677,0.002048,0.022528,2.36646,2.36544,16.0772,16.1175
2,17.4449,2.32858,0.003072,0.022528,2.35725,2.35827,16.6244,16.6487
0,16.1044,2.32755,0.003072,0.021504,2.36237,2.35622,17.2143,17.2379
1,16.8008,2.3255,0.002048,0.023552,2.36851,2.3552,16.1386,16.1657
2,16.3942,2.33062,0.002048,0.022528,2.36339,2.3593,16.6087,16.6354
0,16.6062,2.32653,0.003072,0.022528,2.35622,2.3552,16.5301,16.5547
1,16.7434,2.33574,0.003072,0.022528,2.36646,2.36442,16.5744,16.5986
2,16.684,2.33882,0.003072,0.023552,2.35418,2.36749,16.6463,16.6706
0,16.5386,2.33574,0.003072,0.021504,2.30502,2.36339,16.5138,16.5507
1,16.7731,2.33267,0.002048,0.022528,2.28864,2.36032,16.509,16.5353
2,16.6595,2.32346,0.003072,0.022528,2.29786,2.35315,16.7291,16.7506
0,16.897,2.33472,0.002048,0.021504,2.28864,2.36237,16.5688,16.5905
1,16.4762,2.32653,0.003072,0.022528,2.29478,2.35418,16.5298,16.5558
2,17.1602,2.33165,0.003072,0.022528,2.28864,2.36134,16.5095,16.5478
0,16.4731,2.3255,0.003072,0.022528,2.28966,2.3552,17.0872,17.1131
1,16.2458,2.31834,0.004096,0.023552,2.29171,2.34701,16.0087,16.0495
2,16.7127,2.32141,0.003072,0.023552,2.29683,2.3511,16.3903,16.4299
0,16.6369,2.33062,0.003072,0.022528,2.30298,2.3593,16.6598,16.6814
1,16.5274,2.32653,0.003072,0.021504,2.30605,2.35418,16.628,16.6562
2,17.2165,2.3296,0.003072,0.022528,2.29786,2.35827,16.4943,16.5192
0,16.5949,2.34496,0.002048,0.021504,2.29171,2.37158,17.0184,17.0396
1,16.2796,2.32038,0.003072,0.022528,2.29376,2.35008,16.5341,16.5674
2,16.6615,2.32448,0.002048,0.023552,2.29069,2.35315,16.2628,16.3145
0,17.068,2.32858,0.003072,0.021504,2.30195,2.35622,16.6089,16.6481
1,16.3502,2.33779,0.003072,0.021504,2.29888,2.36544,16.9334,16.9537
2,17.1059,2.3255,0.002048,0.023552,2.30093,2.35418,16.3724,16.4036
0,16.4608,2.34906,0.004096,0.022528,2.29581,2.37773,16.9496,16.9779
1,16.5151,2.3255,0.002048,0.022528,2.29171,2.35315,16.4137,16.4418
2,17.111,2.32243,0.003072,0.022528,2.2999,2.35213,16.5732,16.6003
0,16.5581,2.33062,0.002048,0.023552,2.29581,2.3593,16.9751,17.0032
1,16.2785,2.32141,0.003072,0.022528,2.28454,2.3511,16.479,16.5081
2,17.1612,2.3296,0.003072,0.021504,2.31629,2.35827,16.2975,16.3286
0,16.1034,2.33882,0.003072,0.022528,2.29069,2.36851,17.0235,17.0533
1,16.9329,2.33779,0.004096,0.021504,2.30298,2.36544,16.1936,16.2212
2,16.511,2.32141,0.003072,0.021504,2.28864,2.34906,16.7556,16.7875
0,16.6666,2.33574,0.004096,0.022528,2.29274,2.36544,16.4765,16.5007
1,16.4516,2.33165,0.003072,0.021504,2.29786,2.36032,16.6129,16.6381
2,17.1643,2.3296,0.002048,0.022528,2.30195,2.35725,16.5979,16.621
0,16.1567,2.32346,0.002048,0.022528,2.28762,2.35213,16.9336,16.9561
1,17.2134,2.33267,0.003072,0.022528,2.29888,2.3593,16.4126,16.4412
2,16.5468,2.32141,0.003072,0.022528,2.29274,2.3511,16.8882,16.9174
0,16.469,2.32346,0.002048,0.022528,2.304,2.35213,16.5381,16.5673
1,16.6451,2.3296,0.003072,0.022528,2.28557,2.35827,16.3781,16.415
2,16.8448,2.32141,0.003072,0.022528,2.29786,2.35213,16.6307,16.6569
0,16.7793,2.3296,0.003072,0.021504,2.29274,2.35827,16.8058,16.8364
1,16.4956,2.3296,0.003072,0.022528,2.29888,2.35827,16.6716,16.7038
2,16.3512,2.3255,0.003072,0.022528,2.30093,2.35418,16.4446,16.4884
0,17.9773,2.3337,0.003072,0.022528,2.304,2.36339,16.3517,16.373
1,15.7952,2.32653,0.003072,0.022528,2.27328,2.3552,18.4626,18.4908
2,17.494,2.3296,0.003072,0.023552,2.29376,2.3593,15.1821,15.2155
0,15.4358,2.32448,0.003072,0.022528,2.28762,2.35418,17.3583,17.3899
1,16.6001,2.3296,0.002048,0.022528,2.3081,2.35622,15.3934,15.4324
2,17.4848,2.32141,0.002048,0.022528,2.28966,2.35008,16.5954,16.6244
0,16.8468,2.3337,0.003072,0.022528,2.29786,2.36339,17.4492,17.4779
1,16,2.32346,0.002048,0.022528,2.29376,2.35213,16.2552,16.2874
2,17.7316,2.32653,0.002048,0.023552,2.30195,2.35418,16.3093,16.3457
0,15.6713,2.3255,0.003072,0.022528,2.29069,2.35418,17.701,17.7352
1,16.5775,2.33574,0.003072,0.021504,2.29376,2.36442,15.6114,15.6428
2,16.8161,2.33165,0.004096,0.021504,2.30298,2.3593,16.5074,16.5264
0,16.1075,2.33677,0.001024,0.022528,2.29171,2.36339,16.9346,16.9533
1,16.5591,2.33984,0.002048,0.021504,2.29274,2.36749,16.1073,16.1258
2,16.855,2.34086,0.003072,0.022528,2.30195,2.36954,16.5157,16.5326
0,16.7916,2.3296,0.003072,0.022528,2.29274,2.35827,16.7533,16.7699
1,16.5622,2.33472,0.002048,0.022528,2.30195,2.36339,16.8546,16.8698
2,16.8161,2.3296,0.002048,0.023552,2.2999,2.3593,16.5119,16.5279
0,16.642,2.44838,0.002048,0.023552,2.40333,2.47808,16.6318,16.6483
1,16.4311,2.44531,0.003072,0.023552,2.3849,2.47501,16.6228,16.6545
2,16.8653,2.44019,0.003072,0.023552,2.39104,2.47091,16.3996,16.4356
0,16.4977,2.44224,0.003072,0.023552,2.37773,2.47296,16.7032,16.7196
1,16.5509,2.44429,0.004096,0.023552,2.3849,2.47501,16.605,16.6214
2,16.7291,2.44736,0.003072,0.024576,2.39002,2.47706,16.5045,16.5238
0,16.7608,2.44326,0.002048,0.023552,2.40026,2.47296,16.7153,16.7319
1,16.5315,2.43712,0.003072,0.023552,2.38694,2.46784,16.69,16.7089
2,16.7875,2.44224,0.004096,0.022528,2.40538,2.47296,16.511,16.5291
0,18.0982,2.44531,0.002048,0.023552,2.38387,2.47501,16.7115,16.7283
1,15.5894,2.45862,0.003072,0.024576,2.38899,2.49037,17.9592,17.9762
2,16.4628,2.44634,0.002048,0.023552,2.39002,2.47603,15.4407,15.4682
0,17.109,2.43302,0.004096,0.022528,2.3808,2.46374,16.5711,16.5902
1,16.041,2.44531,0.00512,0.021504,2.3849,2.47603,16.9758,16.9924
2,16.683,2.44838,0.002048,0.022528,2.39206,2.47706,16.0366,16.0521
0,16.7014,2.44429,0.002048,0.023552,2.38899,2.47398,16.5742,16.5994
1,16.8018,2.44838,0.003072,0.024576,2.38797,2.4791,16.7673,16.7891
2,16.6646,2.43917,0.002048,0.023552,2.37875,2.46886,16.7956,16.8156
0,16.6318,2.44122,0.004096,0.023552,2.38694,2.47194,16.5346,16.5526
1,16.3973,2.44019,0.003072,0.023552,2.3808,2.47091,16.7166,16.7338
2,16.9339,2.44224,0.003072,0.023552,2.39104,2.47296,16.3519,16.3741
0,16.6093,2.44326,0.002048,0.023552,2.38182,2.47296,16.7413,16.7575
1,17.7787,2.43814,0.003072,0.023552,2.39411,2.46682,16.7481,16.7637
2,17.2134,2.44122,0.002048,0.023552,2.38797,2.47091,17.698,17.7145
0,15.1296,2.47091,0.003072,0.024576,2.40333,2.50163,17.14,17.1596
1,16.5734,2.4576,0.003072,0.024576,2.40845,2.48934,15.122,15.142
2,16.7004,2.46886,0.004096,0.024576,2.40128,2.49958,16.41,16.4272
0,16.6113,2.47501,0.003072,0.023552,2.40333,2.5047,16.8044,16.8215
1,17.8575,2.47296,0.003072,0.024576,2.4064,2.50266,16.4474,16.4627
2,15.4788,2.47603,0.003072,0.024576,2.40435,2.50675,17.8924,17.9105
0,16.6615,2.46682,0.003072,0.024576,2.41459,2.49856,15.4181,15.4378
1,16.6799,2.46682,0.004096,0.023552,2.4023,2.49651,16.5911,16.6097
2,16.5642,2.46784,0.004096,0.022528,2.41152,2.49856,16.7464,16.7618
0,16.555,2.47603,0.002048,0.0256,2.40845,2.50675,16.4923,16.5084
1,16.8929,2.46374,0.003072,0.023552,2.41152,2.49446,16.5142,16.5298
2,16.6646,2.46579,0.003072,0.024576,2.40435,2.49754,16.8587,16.8745
0,16.5724,2.4617,0.003072,0.023552,2.40435,2.49242,16.5292,16.5473
1,16.8827,2.46682,0.003072,0.023552,2.40947,2.49754,16.5707,16.5882
2,16.1946,2.46682,0.003072,0.0256,2.43098,2.49856,16.9438,16.9628
0,16.6728,2.47398,0.003072,0.023552,2.41152,2.50573,16.1617,16.1787
1,17.1725,2.47091,0.003072,0.023552,2.41766,2.50163,17.087,17.1041
2,16.6595,2.46989,0.002048,0.0256,2.39616,2.50163,16.5506,16.5668
0,16.4925,2.46374,0.003072,0.022528,2.40845,2.49242,16.7646,16.7847
1,16.9933,2.46477,0.003072,0.023552,2.40947,2.49549,16.3045,16.3267
2,16.6513,2.47706,0.002048,0.024576,2.40333,2.50675,17.0175,17.0732
0,17.663,2.47091,0.003072,0.022528,2.4064,2.50061,16.3771,16.403
1,16.2621,2.46682,0.003072,0.024576,2.39104,2.49754,17.6168,17.6404
2,17.8381,2.46579,0.00512,0.022528,2.42278,2.49651,16.2396,16.2601
0,16.2038,2.48013,0.003072,0.023552,2.40435,2.51085,17.6344,17.6566
1,16.6574,2.47808,0.003072,0.023552,2.41357,2.50778,16.2393,16.2767
2,16.6963,2.49242,0.003072,0.023552,2.40538,2.52211,16.5601,16.5832
0,15.1859,2.49037,0.003072,0.024576,2.42381,2.52109,16.5563,16.5935
1,17.3967,2.49139,0.004096,0.023552,2.42381,2.52211,15.2356,15.2566
2,17.3773,2.4873,0.003072,0.024576,2.41664,2.51802,17.4039,17.4209
0,15.3948,2.48525,0.003072,0.024576,2.41869,2.51597,17.2638,17.2891
1,16.1833,2.49037,0.002048,0.024576,2.41459,2.52109,13.8833,13.9354
2,16.7997,2.4873,0.004096,0.023552,2.42381,2.51802,16.0834,16.1091
0,16.7342,2.47398,0.004096,0.023552,2.41869,2.50573,16.7504,16.7765
1,16.7055,2.4873,0.003072,0.023552,2.42381,2.51802,16.6915,16.7132
2,17.5073,2.48013,0.003072,0.024576,2.42074,2.50982,16.6017,16.6297
0,16.3942,2.36646,0.003072,0.022528,2.31834,2.39411,17.5462,17.5654
1,16.2417,2.37363,0.003072,0.022528,2.31834,2.40333,16.2374,16.2581
2,16.3922,2.3552,0.003072,0.022528,2.32038,2.38387,16.4108,16.4308
0,16.9462,2.36646,0.002048,0.023552,2.31219,2.39616,16.1774,16.2018
1,17.1786,2.36339,0.002048,0.022528,2.31526,2.39206,17.007,17.0315
2,16.4086,2.35622,0.004096,0.022528,2.3081,2.38592,16.9885,17.0303
0,16.0594,2.36442,0.003072,0.001024,2.31117,2.39514,16.4555,16.4948
1,16.6779,2.3593,0.003072,0.022528,2.30912,2.38899,15.9753,16.0146
2,16.7373,2.37261,0.003072,0.024576,2.32243,2.4023,16.5131,16.5548
0,16.8428,2.35725,0.003072,0.022528,2.31014,2.3849,16.6754,16.7104
1,16.553,2.3552,0.003072,0.022528,2.32038,2.38285,16.7521,16.779
2,16.6461,2.35827,0.003072,0.022528,2.30912,2.38694,16.5671,16.5935
0,17.3046,2.36032,0.002048,0.023552,2.30707,2.39002,16.5014,16.5317
1,16.17,2.3593,0.002048,0.022528,2.31424,2.38797,17.1979,17.2326
2,16.2775,2.36134,0.004096,0.024576,2.30707,2.39104,16.1617,16.1975
0,17.1592,2.35827,0.002048,0.023552,2.30912,2.38797,16.2632,16.2995
1,16.4547,2.3593,0.003072,0.022528,2.30195,2.38797,17.111,17.1545
2,16.7946,2.35622,0.002048,0.023552,2.31117,2.38387,16.3637,16.3862
0,16.1761,2.36032,0.003072,0.022528,2.3081,2.39002,16.7508,16.7695
1,17.2841,2.36032,0.002048,0.022528,2.31629,2.38899,16.2694,16.2883
2,16.5151,2.36544,0.002048,0.022528,2.30707,2.39411,17.2294,17.25
0,17.0322,2.36851,0.003072,0.023552,2.29581,2.39821,16.428,16.4474
1,16.1239,2.36339,0.003072,0.022528,2.30707,2.39309,17.0073,17.0275
2,17.0035,2.36339,0.003072,0.021504,2.30912,2.39104,15.9697,15.995
0,16.2632,2.3593,0.002048,0.022528,2.30298,2.38797,17.0316,17.0574
1,18.0357,2.37261,0.004096,0.022528,2.2999,2.4023,16.1819,16.2229
2,15.4071,2.36339,0.003072,0.022528,2.28352,2.39309,17.9719,18.0034
0,16.5212,2.35725,0.003072,0.022528,2.30912,2.38592,15.278,15.3115
1,16.9503,2.3593,0.002048,0.022528,2.30912,2.38797,16.5513,16.573
2,16.1884,2.36032,0.003072,0.021504,2.30605,2.38899,16.8688,16.8913
0,17.9292,2.36237,0.002048,0.023552,2.3081,2.39206,16.3018,16.3249
1,15.7276,2.36646,0.003072,0.023552,2.29478,2.39514,17.7247,17.7445
2,17.8678,2.36339,0.004096,0.021504,2.29274,2.39309,15.724,15.7467
0,14.8685,2.36339,0.003072,0.023552,2.29171,2.39309,17.634,17.6593
1,16.9523,2.36646,0.003072,0.022528,2.31117,2.39616,15.0046,15.0661
2,16.5294,2.35622,0.002048,0.023552,2.29274,2.38387,16.9038,16.9232
0,16.7496,2.35315,0.003072,0.023552,2.30912,2.38182,16.4744,16.4983
1,16.7793,2.37363,0.003072,0.023552,2.2999,2.40333,17.1456,17.1682
2,16.684,2.36544,0.002048,0.022528,2.30195,2.39411,16.2652,16.2892
0,17.8821,2.35622,0.003072,0.022528,2.29069,2.38592,16.5936,16.6151
1,17.0158,2.36237,0.002048,0.023552,2.29376,2.39002,17.8286,17.8516
2,15.2771,2.3593,0.003072,0.021504,2.28352,2.38797,17.0212,17.058
0,17.41,2.36442,0.003072,0.023552,2.28966,2.39411,15.1536,15.1786
1,16.0266,2.37466,0.003072,0.022528,2.28966,2.40333,17.4219,17.4403
2,16.3103,2.36749,0.003072,0.021504,2.29478,2.39616,16.0193,16.0571
0,18.0787,2.36032,0.004096,0.022528,2.29274,2.38899,16.1403,16.1836
1,15.2218,2.36646,0.001024,0.023552,2.28454,2.39514,18.0899,18.1338
2,16.7178,2.36954,0.002048,0.022528,2.28966,2.39821,15.2376,15.2675
0,17.7254,2.36339,0.003072,0.021504,2.28454,2.39206,16.6204,16.657
1,15.7573,2.36954,0.002048,0.022528,2.28454,2.39821,17.5792,17.6108
2,16.8397,2.36749,0.002048,0.022528,2.28045,2.39616,15.6653,15.7007
0,16.8632,2.35622,0.002048,0.023552,2.27533,2.38285,16.8201,16.859
1,16.2048,2.35315,0.002048,0.022528,2.28454,2.3808,16.7814,16.8042
2,16.7752,2.3552,0.003072,0.022528,2.28966,2.38387,16.129,16.1518
0,16.5376,2.3552,0.003072,0.021504,2.28045,2.38285,16.7285,16.7579
1,16.7137,2.36851,0.004096,0.022528,2.28454,2.39821,16.579,16.6017
2,16.8561,2.35213,0.003072,0.022528,2.27533,2.3808,16.7197,16.7565
0,17.0496,2.35213,0.004096,0.022528,2.27533,2.38182,16.6405,16.6629
1,16.0594,2.3593,0.003072,0.022528,2.27021,2.38899,17.0465,17.0774
2,16.5294,2.36544,0.003072,0.022528,2.2743,2.39411,16.0226,16.0512
0,16.7905,2.35315,0.002048,0.021504,2.2825,2.3808,16.5125,16.5398
1,16.5939,2.35827,0.004096,0.023552,2.2784,2.38899,16.669,16.6936
2,16.8796,2.3511,0.003072,0.023552,2.27328,2.37978,16.5492,16.577
0,16.3686,2.35827,0.003072,0.022528,2.26816,2.38694,16.8899,16.9172
1,16.8755,2.35827,0.002048,0.022528,2.27635,2.38694,16.346,16.3743
2,16.9851,2.35827,0.004096,0.022528,2.26816,2.38694,16.6354,16.6692
0,15.8208,2.35008,0.002048,0.022528,2.26406,2.37875,16.9898,17.0159
1,18.3634,2.35725,0.002048,0.022528,2.27533,2.38592,15.906,15.926
2,15.5843,2.35315,0.003072,0.022528,2.26611,2.38182,18.253,18.2738
0,16.4106,2.35315,0.002048,0.022528,2.27328,2.38182,15.5184,15.5495
1,16.638,2.35827,0.003072,0.024576,2.26918,2.38694,16.3655,16.3868
2,16.6769,2.3511,0.004096,0.022528,2.26816,2.37978,16.6985,16.7179
0,16.6359,2.34803,0.002048,0.021504,2.26099,2.37466,16.4685,16.4972
1,16.9503,2.34291,0.002048,0.022528,2.26816,2.37158,16.6374,16.6682
2,16.4782,2.35315,0.003072,0.02048,2.26202,2.3808,16.8706,16.8985
0,16.724,2.34291,0.003072,0.023552,2.25587,2.37363,16.4864,16.5158
1,16.7578,2.35315,0.002048,0.022528,2.25075,2.38182,16.5523,16.5807
2,16.4792,2.33882,0.002048,0.023552,2.26918,2.36851,16.7188,16.7431
0,16.8837,2.34394,0.003072,0.023552,2.26202,2.37261,16.6086,16.6473
1,16.5345,2.3511,0.003072,0.022528,2.25792,2.3808,16.6988,16.7236
2,16.5089,2.34701,0.002048,0.022528,2.25075,2.37568,16.5209,16.5404
0,16.4803,2.33779,0.002048,0.023552,2.25382,2.36749,16.444,16.4679
1,16.9626,2.34598,0.002048,0.022528,2.2569,2.37466,16.4453,16.482
2,16.5509,2.34189,0.004096,0.021504,2.24768,2.37056,16.8308,16.8524
0,16.4966,2.33574,0.002048,0.022528,2.24768,2.36442,16.557,16.5792
1,17.4377,2.34496,0.002048,0.023552,2.24563,2.37466,16.511,16.5314
2,15.9918,2.3296,0.001024,0.023552,2.23642,2.35725,17.3179,17.3402
0,17.2124,2.33165,0.002048,0.022528,2.24666,2.36032,16.0142,16.0434
1,18.007,2.33267,0.001024,0.023552,2.23642,2.36134,17.0451,17.0726
2,15.0006,2.34189,0.003072,0.021504,2.24358,2.37056,18.0107,18.0349
0,16.3236,2.34701,0.003072,0.022528,2.23744,2.37568,14.8622,14.8841
1,16.7557,2.34906,0.002048,0.024576,2.24051,2.37773,16.4482,16.4737
2,16.7987,2.33779,0.003072,0.021504,2.22925,2.36646,16.6816,16.7081
0,16.3082,2.33779,0.003072,0.021504,2.23437,2.36646,16.6466,16.6731
1,16.9615,2.33472,0.003072,0.022528,2.24563,2.36442,16.6577,16.6829
2,16.4721,2.33472,0.003072,0.022528,2.23437,2.36339,16.5607,16.5858
0,16.6861,2.33472,0.002048,0.023552,2.24358,2.36442,16.4512,16.476
1,16.6318,2.32858,0.002048,0.022528,2.22822,2.35725,16.7109,16.734
2,17.2687,2.32346,0.003072,0.022528,2.23642,2.35213,16.6227,16.6461
0,16.1167,2.32858,0.003072,0.022528,2.22515,2.35725,17.2075,17.2253
1,16.9851,2.33677,0.003072,0.022528,2.23232,2.36646,15.9991,16.0663
2,16.3953,2.32038,0.002048,0.021504,2.2313,2.34803,16.8961,16.9217
0,17.3804,2.3337,0.002048,0.022528,2.2272,2.36237,16.4019,16.4234
1,16.3707,2.3296,0.002048,0.023552,2.22106,2.35827,17.3108,17.3326
2,16.7485,2.32243,0.003072,0.023552,2.22618,2.35213,16.2256,16.2633
0,16.6461,2.32141,0.002048,0.022528,2.21286,2.35008,16.6728,16.7121
1,18.133,2.33267,0.003072,0.023552,2.21286,2.36237,16.5337,16.5824
2,16.5396,2.31322,0.003072,0.022528,2.20672,2.34291,18.0777,18.126
0,14.7732,2.43098,0.002048,0.024576,2.30912,2.46067,16.5539,16.5844
1,17.0998,2.42483,0.002048,0.024576,2.31629,2.45555,14.7775,14.8162
2,16.5325,2.40742,0.003072,0.022528,2.29171,2.43712,16.8412,16.8791
0,16.5417,2.40538,0.002048,0.024576,2.29274,2.43507,16.4709,16.5019
1,16.8397,2.40333,0.002048,0.023552,2.28966,2.43302,16.555,16.5843
2,17.0496,2.40845,0.002048,0.023552,2.29069,2.43814,16.7424,16.7852
0,15.9007,2.41562,0.003072,0.024576,2.28147,2.44634,17.0668,17.0895
1,17.3926,2.40742,0.004096,0.023552,2.2825,2.43814,15.9111,15.9359
2,16.4086,2.41869,0.003072,0.024576,2.28966,2.44838,17.3333,17.355
0,16.6984,2.42074,0.003072,0.024576,2.29376,2.45043,16.2303,16.2499
1,16.3103,2.41664,0.003072,0.024576,2.28352,2.44634,16.721,16.7637
2,16.3799,2.42688,0.002048,0.024576,2.28557,2.45658,16.2671,16.2949
0,16.7731,2.42381,0.003072,0.0256,2.29581,2.45453,16.4006,16.4222
1,16.7885,2.41971,0.003072,0.023552,2.29274,2.45043,16.7562,16.7761
2,16.6984,2.43507,0.003072,0.022528,2.28557,2.46477,16.7418,16.7618
0,16.6103,2.41971,0.003072,0.023552,2.28966,2.45043,16.6154,16.6362
1,16.469,2.43098,0.003072,0.022528,2.28352,2.46067,16.6016,16.6269
2,16.9554,2.41971,0.002048,0.023552,2.29683,2.44941,16.4249,16.4504
0,16.7301,2.41971,0.003072,0.023552,2.28557,2.44941,16.9099,16.9329
1,17.7029,2.41664,0.004096,0.023552,2.2825,2.44736,16.5471,16.569
2,16.766,2.41766,0.004096,0.024576,2.26816,2.44941,17.7203,17.742
0,15.9447,2.41459,0.003072,0.024576,2.26918,2.44531,16.7289,16.7521
1,17.6435,2.41562,0.002048,0.023552,2.26304,2.44429,15.8648,15.8929
2,15.5136,2.41869,0.002048,0.024576,2.2569,2.44941,17.5235,17.5477
0,16.3584,2.40845,0.003072,0.023552,2.2569,2.43814,15.4811,15.5163
1,17.3414,2.40333,0.002048,0.0256,2.24768,2.43507,16.4915,16.5227
2,16.427,2.40538,0.002048,0.024576,2.24256,2.43507,17.0405,17.0686
0,16.3359,2.4105,0.002048,0.024576,2.2272,2.44122,16.3598,16.3889
1,16.7455,2.41459,0.001024,0.024576,2.21696,2.44429,16.3136,16.3453
2,16.4506,2.4064,0.002048,0.024576,2.2057,2.4361,16.6086,16.6311
0,16.6615,2.41357,0.003072,0.023552,2.20877,2.44326,16.4905,16.5118
1,17.1776,2.40128,0.002048,0.023552,2.21184,2.42995,16.5649,16.5859
2,16.7926,2.40742,0.002048,0.023552,2.19955,2.4361,17.1332,17.1512
0,15.8177,2.39821,0.003072,0.0256,2.2016,2.42893,16.866,16.8893
1,17.0127,2.40435,0.001024,0.024576,2.19034,2.43405,15.681,15.7155
2,16.9748,2.40742,0.002048,0.0256,2.18522,2.43814,16.9131,16.9365
0,16.3297,2.40742,0.002048,0.023552,2.18112,2.4361,17.1157,17.1412
1,16.8243,2.39821,0.003072,0.0256,2.19238,2.42893,16.2078,16.2382
2,17.5811,2.39718,0.002048,0.024576,2.16883,2.4279,16.6972,16.7251
0,15.5822,2.40026,0.003072,0.024576,2.16371,2.43098,17.4377,17.4772
1,16.5018,2.39104,0.002048,0.023552,2.16166,2.42074,15.5505,15.6017
2,16.9441,2.3849,0.002048,0.024576,2.14221,2.41459,16.5091,16.5478
0,16.4925,2.39514,0.003072,0.024576,2.13709,2.42483,17.0174,17.0532
1,16.6687,2.37875,0.002048,0.024576,2.13197,2.40845,16.242,16.2773
2,17.1551,2.38182,0.002048,0.024576,2.1248,2.41254,16.5123,16.5409
0,17.1448,2.37773,0.001024,0.024576,2.12275,2.40742,17.0834,17.1186
1,16.8018,2.37875,0.003072,0.024576,2.11251,2.40947,17.1799,17.2087
2,17.2073,2.3767,0.003072,0.023552,2.10842,2.4064,16.7715,16.7987
0,16.8806,2.37875,0.003072,0.024576,2.11968,2.40947,17.0476,17.0795
1,16.2621,2.38182,0.003072,0.024576,2.11866,2.41152,16.5828,16.801
2,15.6447,2.3767,0.001024,0.0256,2.11456,2.40742,16.3128,16.3502
0,16.2796,2.37875,0.002048,0.024576,2.11251,2.40947,15.6259,15.6457
1,16.5724,2.37261,0.003072,0.023552,2.11149,2.4023,16.1642,16.2013
2,16.6912,2.37158,0.003072,0.023552,2.11046,2.40026,16.5576,16.5818
0,16.7035,2.36851,0.003072,0.024576,2.11046,2.39923,16.5997,16.6225
1,17.2943,2.36954,0.003072,0.023552,2.11149,2.40026,16.7591,16.7787
2,16.1034,2.3593,0.002048,0.0256,2.11149,2.39002,17.2421,17.2594
0,17.1694,2.35315,0.002048,0.0256,2.11251,2.38182,15.9671,15.9995
1,16.1116,2.36134,0.003072,0.023552,2.11149,2.39104,17.2301,17.2561
2,16.4332,2.35622,0.003072,0.024576,2.11149,2.38797,15.9194,15.9532
0,20.1196,2.35725,0.003072,0.0256,2.11149,2.38694,16.3462,16.3793
1,13.524,2.34701,0.001024,0.024576,2.11251,2.3767,20.2545,20.283
2,16.382,2.34906,0.003072,0.0256,2.11149,2.38182,11.6445,13.3691
0,16.8489,2.34906,0.002048,0.0256,2.11149,2.3808,16.3684,16.3981
1,16.4506,2.34803,0.002048,0.024576,2.11149,2.37773,16.8228,16.8449
2,16.5519,2.34086,0.003072,0.024576,2.11149,2.37056,16.4854,16.5057
0,17.1561,2.34189,0.002048,0.0256,2.11046,2.37158,16.5078,16.5351
1,16.7209,2.33267,0.003072,0.024576,2.11149,2.36442,16.9713,16.9982
2,16.2376,2.33677,0.002048,0.024576,2.11149,2.36749,16.7054,16.7341
0,16.768,2.33677,0.003072,0.024576,2.11149,2.36851,16.1013,16.1502
1,17.836,2.33984,0.002048,0.024576,2.11149,2.36851,16.7543,16.7804
2,15.5873,2.33165,0.004096,0.024576,2.11149,2.36237,17.7018,17.7276
0,16.554,2.36237,0.004096,0.024576,2.12582,2.39309,15.611,15.6541
1,16.4076,2.35008,0.002048,0.023552,2.12685,2.37875,16.5209,16.5497
2,16.7885,2.40128,0.003072,0.024576,2.16986,2.43302,16.3953,16.429
0,18.1432,2.39514,0.004096,0.024576,2.16883,2.42586,16.6933,16.718
1,17.0117,2.39206,0.002048,0.026624,2.17395,2.42381,18.0936,18.115
2,15.2279,2.38387,0.003072,0.023552,2.17395,2.41459,16.8662,16.8923
0,16.5622,2.38285,0.002048,0.0256,2.17293,2.41459,15.2007,15.2301
1,16.5519,2.38592,0.003072,0.024576,2.176,2.41664,16.5,16.5183
2,16.7475,2.33472,0.002048,0.024576,2.12787,2.36442,16.5558,16.595
0,16.3994,2.32653,0.002048,0.024576,2.12685,2.35725,16.6292,16.6606
1,16.7455,2.32858,0.002048,0.023552,2.12582,2.35827,16.4346,16.4663
2,16.5458,2.33062,0.003072,0.024576,2.13094,2.36237,16.6382,16.699
0,16.8079,2.32755,0.003072,0.026624,2.14221,2.36134,16.4931,16.5354
1,16.5048,2.32448,0.003072,0.024576,2.14118,2.35622,16.837,16.8624
2,17.2308,2.32346,0.002048,0.0256,2.14221,2.35418,16.45,16.4761
0,16.3584,2.32038,0.003072,0.024576,2.14221,2.35213,17.0148,17.0431
1,16.638,2.31936,0.003072,0.0256,2.14221,2.3511,16.3674,16.3995
2,16.4372,2.3081,0.003072,0.024576,2.14221,2.33984,16.5245,16.5506
0,16.7629,2.30707,0.004096,0.023552,2.14221,2.33779,16.4721,16.5069
1,16.5888,2.30195,0.002048,0.0256,2.14221,2.3337,16.7069,16.7348
2,16.9155,2.304,0.002048,0.0256,2.14221,2.3337,16.5237,16.5627
0,16.2324,2.29786,0.002048,0.024576,2.14221,2.32755,16.8185,16.847
1,16.6461,2.30502,0.004096,0.024576,2.14221,2.33574,16.2816,16.3054
2,16.6676,2.29376,0.003072,0.0256,2.14221,2.32448,16.5778,16.6045
0,16.9093,2.30195,0.004096,0.023552,2.15654,2.3337,16.5387,16.6109
1,16.4362,2.30195,0.002048,0.0256,2.15757,2.3337,16.7661,16.7912
2,16.8346,2.29683,0.003072,0.024576,2.15757,2.32755,16.4524,16.4797
0,17.0834,2.29786,0.002048,0.0256,2.15654,2.3296,16.9508,16.992
1,16.938,2.29376,0.003072,0.024576,2.15654,2.3255,16.8509,16.8816
2,15.8484,2.29478,0.002048,0.0256,2.15757,2.32448,16.8407,16.88
0,16.6257,2.28966,0.002048,0.024576,2.15757,2.32038,15.8645,15.903
1,17.0353,2.29069,0.002048,0.0256,2.15757,2.32243,16.5804,16.6088
2,16.7485,2.28659,0.004096,0.024576,2.15654,2.31834,16.8501,16.8831
0,16.7424,2.27942,0.003072,0.026624,2.15757,2.31117,16.7048,16.7431
1,16.2591,2.27738,0.002048,0.024576,2.15654,2.3081,16.62,16.7261
2,16.6001,2.27328,0.002048,0.0256,2.15654,2.30502,16.2837,16.3195
0,16.7895,2.31526,0.003072,0.026624,2.18931,2.34906,16.5114,16.5498
1,16.5274,2.31834,0.002048,0.0256,2.18931,2.34906,16.6929,16.7211
2,16.7096,2.29683,0.002048,0.0256,2.18931,2.32858,16.471,16.4992
0,16.7404,2.29069,0.003072,0.024576,2.18829,2.32141,16.6509,16.6905
1,16.5038,2.28966,0.003072,0.024576,2.18829,2.32038,16.7329,16.7742
2,16.7281,2.28557,0.002048,0.026624,2.18829,2.31834,16.4437,16.4695
0,16.6277,2.28045,0.004096,0.0256,2.18931,2.31322,16.6784,16.7057
1,16.8448,2.2784,0.002048,0.024576,2.18931,2.3081,16.582,16.6141
2,16.5294,2.29274,0.003072,0.0256,2.20672,2.32346,16.8028,16.8285
0,20.1103,2.28454,0.004096,0.024576,2.18931,2.31629,16.4678,16.4936
1,13.054,2.27942,0.003072,0.024576,2.19034,2.31014,20.0653,20.0897
2,16.7066,2.29171,0.003072,0.024576,2.18931,2.32346,12.9051,12.9362
0,17.5759,2.29683,0.003072,0.024576,2.20365,2.32858,16.7097,16.7427
1,15.8802,2.28045,0.003072,0.026624,2.2057,2.31219,17.5134,17.5495
2,17.406,2.2784,0.003072,0.023552,2.2057,2.3081,15.8436,15.8732
0,19.0904,2.27533,0.003072,0.026624,2.20467,2.3081,17.1586,17.186
1,13.398,2.27533,0.002048,0.0256,2.2057,2.30707,16.3978,16.4274
2,16.6707,2.26714,0.002048,0.0256,2.20365,2.29888,16.1748,16.2066
0,16.5929,2.26304,0.004096,0.027648,2.20467,2.29683,16.5993,16.6291
1,16.9144,2.26509,0.004096,0.0256,2.20467,2.29683,16.5158,16.5361
2,16.1812,2.25997,0.002048,0.026624,2.2057,2.29274,16.7446,16.7622
0,16.9226,2.26611,0.004096,0.024576,2.2057,2.29786,16.3249,16.3414
1,16.8038,2.27738,0.004096,0.024576,2.20467,2.30912,16.7825,16.8004
2,16.8448,2.26611,0.003072,0.0256,2.20467,2.29786,16.8084,16.8237
0,16.2468,2.27226,0.002048,0.026624,2.22106,2.304,16.7052,16.7281
1,16.7393,2.27123,0.003072,0.0256,2.22208,2.30298,16.2216,16.2422
2,16.4966,2.26816,0.001024,0.027648,2.22106,2.2999,16.7651,16.7839
0,16.8694,2.26304,0.003072,0.024576,2.22106,2.29478,16.8887,16.9061
1,16.9257,2.2569,0.004096,0.023552,2.22106,2.28864,16.3244,16.3416
2,16.9206,2.26099,0.003072,0.0256,2.22208,2.29274,16.9795,16.996
0,16.1505,2.25382,0.004096,0.026624,2.22106,2.28659,16.8932,16.9144
1,16.4925,2.25382,0.002048,0.027648,2.22106,2.28762,16.0345,16.0757
2,16.855,2.24768,0.003072,0.026624,2.22106,2.28147,16.5444,16.5799
0,16.682,2.25075,0.003072,0.024576,2.22106,2.2825,16.7144,16.753
1,16.77,2.24563,0.004096,0.023552,2.22106,2.27738,16.6708,16.6903
2,16.4833,2.24358,0.003072,0.024576,2.22106,2.27533,16.7101,16.7299
0,16.7506,2.28762,0.002048,0.026624,2.25382,2.31834,16.5007,16.5213
1,16.5857,2.28864,0.003072,0.027648,2.25485,2.32243,16.592,16.6796
2,17.3752,2.27328,0.003072,0.0256,2.25382,2.30605,16.5916,16.6087
0,16.0901,2.27226,0.002048,0.028672,2.25382,2.30605,17.1474,17.169
1,16.6205,2.27021,0.003072,0.027648,2.25485,2.30502,16.1174,16.1535
2,16.5632,2.27123,0.004096,0.0256,2.25382,2.304,16.5496,16.5728
0,16.7045,2.27328,0.003072,0.026624,2.25382,2.30605,16.592,16.6131
1,16.6656,2.26816,0.002048,0.026624,2.25382,2.30093,16.5465,16.5682
2,17.0701,2.27123,0.003072,0.026624,2.25382,2.30502,16.7496,16.767
0,16.6472,2.27738,0.004096,0.026624,2.25382,2.31014,16.9619,16.9793
1,17.493,2.27738,0.00512,0.027648,2.25485,2.31219,16.6517,16.6674
2,15.9478,2.27328,0.003072,0.027648,2.25382,2.3081,17.4482,17.4629
0,17.748,2.2825,0.004096,0.026624,2.27123,2.31629,16.1586,16.177
1,15.5116,2.28454,0.004096,0.026624,2.27123,2.31834,17.3966,17.4127
2,16.4721,2.29069,0.004096,0.027648,2.27123,2.3255,15.5198,15.5431
0,16.5386,2.28454,0.004096,0.026624,2.27123,2.31834,16.416,16.4416
1,16.9441,2.28352,0.004096,0.023552,2.27021,2.31526,16.4983,16.5433
2,16.3604,2.2784,0.002048,0.0256,2.27123,2.31014,16.8613,16.8804
0,16.7188,2.27942,0.00512,0.024576,2.27123,2.31219,16.2604,16.2815
1,16.9042,2.28352,0.004096,0.024576,2.27123,2.31424,16.6662,16.6861
2,16.3277,2.28454,0.003072,0.024576,2.27123,2.31526,16.978,16.9947
0,16.7424,2.28659,0.003072,0.024576,2.27123,2.31834,16.2693,16.2861
1,16.812,2.28045,0.004096,0.024576,2.27123,2.31322,16.6691,16.6886
2,16.4444,2.28557,0.004096,0.024576,2.27123,2.31731,16.7065,16.7232
0,16.425,2.31014,0.003072,0.0256,2.29069,2.34189,16.4706,16.4921
1,16.9503,2.31526,0.003072,0.0256,2.29069,2.34701,16.4755,16.4994
2,16.5796,2.30502,0.004096,0.024576,2.28966,2.33677,16.8413,16.8638
0,16.6451,2.31526,0.002048,0.0256,2.29171,2.34701,16.5582,16.5771
1,16.9155,2.32141,0.003072,0.0256,2.29069,2.35418,16.6009,16.6192
2,16.2693,2.2999,0.003072,0.024576,2.29069,2.33062,16.8798,16.899
0,16.8755,2.30912,0.002048,0.0256,2.28966,2.33882,16.3156,16.3346
1,16.6134,2.29888,0.004096,0.024576,2.29069,2.33062,16.7276,16.7612
2,16.8407,2.31219,0.003072,0.0256,2.28864,2.34291,16.5553,16.5762
0,16.6922,2.31629,0.004096,0.024576,2.29069,2.34906,16.8279,16.8452
1,16.6072,2.29888,0.002048,0.0256,2.28966,2.33062,16.6385,16.6697
2,16.5786,2.31629,0.004096,0.023552,2.29069,2.34803,16.6481,16.6661
0,16.9083,2.31629,0.004096,0.024576,2.30605,2.34803,16.4558,16.4735
1,16.7434,2.32448,0.004096,0.024576,2.30605,2.3552,16.8916,16.9105
2,16.5632,2.31322,0.002048,0.0256,2.30707,2.34496,16.5729,16.5935
0,17.111,2.31526,0.003072,0.024576,2.3081,2.34701,16.5353,16.5595
1,16.6226,2.32755,0.003072,0.0256,2.3081,2.3593,17.126,17.1521
2,16.214,2.31834,0.004096,0.024576,2.30707,2.3511,16.516,16.5416
0,16.7086,2.31219,0.003072,0.0256,2.30605,2.34496,16.1939,16.2185
1,16.4137,2.31629,0.001024,0.026624,2.3081,2.34701,16.6564,16.6822
2,17.0342,2.31322,0.002048,0.026624,2.30605,2.34598,16.4175,16.4593
0,16.3942,2.31322,0.003072,0.024576,2.30605,2.34496,17.0552,17.0808
1,16.5376,2.31629,0.003072,0.0256,2.30707,2.34906,16.257,16.2821
2,16.471,2.31424,0.003072,0.0256,2.3081,2.34598,16.5276,16.5737
0,16.7383,2.32346,0.004096,0.024576,2.32346,2.35622,16.4116,16.4352
1,16.9103,2.31936,0.004096,0.0256,2.32448,2.35213,16.7035,16.7254
2,16.3195,2.32243,0.004096,0.0256,2.32346,2.35622,16.8527,16.8892
0,16.7455,2.32858,0.00512,0.024576,2.32346,2.36032,16.2935,16.3163
1,16.8059,2.32141,0.002048,0.0256,2.32448,2.35213,16.674,16.6924
2,16.5468,2.32755,0.002048,0.0256,2.32346,2.35725,16.7779,16.7956
0,16.77,2.33984,0.004096,0.024576,2.32448,2.37158,16.5071,16.525
1,17.0803,2.32243,0.003072,0.0256,2.32448,2.3552,16.7354,16.7531
2,16.5284,2.32858,0.003072,0.0256,2.3337,2.36134,17.0191,17.0433
0,16.4188,2.3255,0.00512,0.023552,2.32448,2.35827,16.491,16.5124
1,16.5581,2.32243,0.002048,0.0256,2.32346,2.35418,16.4053,16.4244
2,16.769,2.32653,0.003072,0.0256,2.32346,2.3593,16.5251,16.5423
0,17.1346,2.33165,0.004096,0.0256,2.34189,2.36544,16.7959,16.813
1,16.3604,2.33779,0.004096,0.024576,2.34189,2.36954,16.9038,16.9334
2,16.6625,2.3337,0.003072,0.0256,2.34189,2.36646,16.6052,16.6328
0,16.9554,2.33472,0.001024,0.026624,2.34189,2.36646,16.3569,16.3883
1,16.1823,2.3337,0.004096,0.024576,2.33984,2.36646,16.8903,16.9253
2,17.0025,2.33882,0.004096,0.026624,2.34189,2.37056,16.0974,16.1316
0,17.0772,2.33779,0.003072,0.0256,2.34086,2.36954,16.8244,16.8494
1,16.0236,2.34086,0.003072,0.0256,2.33984,2.37261,16.9896,17.0101
2,16.4475,2.34189,0.003072,0.0256,2.34189,2.37466,15.905,15.9296
0,17.11,2.33984,0.003072,0.024576,2.34086,2.37056,16.7044,16.7242
1,16.3369,2.33882,0.012288,0.017408,2.34189,2.37158,16.6642,16.6831
2,16.7291,2.33882,0.002048,0.0256,2.33984,2.37056,16.491,16.5182
0,16.6779,2.37978,0.004096,0.024576,2.3593,2.41254,16.5822,16.6022
1,17.0342,2.36134,0.003072,0.0256,2.3593,2.39411,16.7143,16.732
2,17.1346,2.36954,0.004096,0.0256,2.36032,2.40333,16.9216,16.9394
0,17.1817,2.36442,0.003072,0.0256,2.36032,2.39718,17.1631,17.1867
1,15.6795,2.36442,0.004096,0.024576,2.36032,2.39718,17.13,17.1477
2,16.1935,2.36646,0.004096,0.0256,2.3593,2.39923,15.6405,15.6599
0,16.4536,2.36134,0.004096,0.0256,2.3593,2.39514,16.0837,16.1088
1,17.3629,2.36442,0.004096,0.0256,2.36032,2.39718,16.5101,16.5263
2,16.0901,2.36339,0.002048,0.0256,2.36032,2.39411,17.3192,17.3365
0,17.1469,2.34086,0.003072,0.026624,2.35827,2.37363,16.0991,16.1165
1,16.2273,2.35622,0.004096,0.0256,2.36032,2.38899,17.055,17.072
2,16.6717,2.35418,0.003072,0.026624,2.3593,2.38694,16.1245,16.1413
0,16.7066,2.36134,0.004096,0.0256,2.3593,2.39411,16.6369,16.6536
1,16.6062,2.36339,0.004096,0.0256,2.3593,2.39718,16.6603,16.6754
2,16.428,2.35622,0.004096,0.0256,2.36134,2.38899,16.6594,16.6747
0,16.9411,2.36851,0.003072,0.0256,2.36032,2.40128,16.443,16.459
1,16.7055,2.35827,0.003072,0.024576,2.36032,2.39002,16.847,16.8643
2,16.3215,2.35827,0.002048,0.0256,2.36032,2.39002,16.6135,16.6326
0,16.6666,2.34803,0.004096,0.0256,2.3593,2.38182,16.3563,16.3789
1,17.0496,2.36134,0.003072,0.0256,2.3593,2.39309,16.625,16.6416
2,16.4803,2.36237,0.004096,0.026624,2.3593,2.39514,17.0011,17.0177
0,16.9226,2.35622,0.004096,0.0256,2.3593,2.39002,16.4143,16.4313
1,16.4598,2.3767,0.004096,0.026624,2.3593,2.40947,16.9277,16.9452
2,16.6799,2.36442,0.004096,0.0256,2.3593,2.39616,16.3625,16.3787
0,16.4137,2.37363,0.004096,0.0256,2.37773,2.40742,16.1484,16.1657
1,16.7782,2.37568,0.004096,0.0256,2.37773,2.40947,16.4619,16.4788
2,17.0066,2.37363,0.004096,0.024576,2.37773,2.4064,16.6095,16.6373
0,16.6861,2.37363,0.004096,0.0256,2.3767,2.40742,17.0037,17.0219
1,16.4547,2.37466,0.003072,0.0256,2.37773,2.40742,16.5657,16.5822
2,16.4598,2.3767,0.002048,0.0256,2.37773,2.40742,16.3958,16.4116
0,20.5169,2.37978,0.004096,0.023552,2.37773,2.4105,16.596,16.6117
1,13.7759,2.84877,0.003072,0.028672,2.75251,2.88358,1.663,1.6951
2,16.255,2.84467,0.004096,0.027648,2.73203,2.87949,14.0034,14.0251
0,16.3799,2.84979,0.004096,0.028672,2.72589,2.88563,16.1434,16.1672
1,16.3502,2.86106,0.003072,0.0256,2.71462,2.89382,16.4117,16.4327
2,16.8018,2.84365,0.004096,0.028672,2.73715,2.87949,16.5096,16.5287
0,16.9585,2.84365,0.004096,0.026624,2.72282,2.87846,16.5779,16.5932
1,16.386,2.83955,0.003072,0.027648,2.7136,2.87539,17.0129,17.0303
2,17.0312,2.83648,0.004096,0.027648,2.73101,2.87232,16.3292,16.3472
0,16.4168,2.82624,0.003072,0.027648,2.71155,2.86106,16.974,16.9902
1,16.1454,2.83034,0.003072,0.027648,2.70438,2.86515,16.4302,16.4493
2,17.2012,2.82931,0.004096,0.027648,2.70746,2.86515,16.197,16.2155
0,16.4495,2.8201,0.004096,0.026624,2.69312,2.85491,16.9836,17.0003
1,16.6502,2.80781,0.002048,0.028672,2.70029,2.84262,16.4,16.4159
2,16.9052,2.80781,0.004096,0.027648,2.70131,2.84365,16.7093,16.7248
0,16.5396,2.80371,0.003072,0.027648,2.70029,2.83853,16.4065,16.4234
1,16.5263,2.81702,0.004096,0.027648,2.68902,2.85082,16.3446,16.381
2,16.6676,2.80269,0.003072,0.028672,2.68902,2.83853,16.4939,16.5167
0,16.81,2.68288,0.002048,0.027648,2.59174,2.71667,16.7467,16.7635
1,16.3502,2.67776,0.002048,0.027648,2.58355,2.71053,16.7694,16.7862
2,16.8428,2.67366,0.004096,0.026624,2.57434,2.70848,16.3122,16.328
0,17.3588,2.66854,0.004096,0.0256,2.57229,2.70131,16.8934,16.9094
1,15.8628,2.67366,0.004096,0.0256,2.57331,2.70643,17.1777,17.1999
2,16.6072,2.67571,0.004096,0.026624,2.57331,2.71053,15.7599,15.8121
0,17.2022,2.65728,0.003072,0.0256,2.57331,2.69005,17.053,17.0885
1,16.4475,2.65728,0.004096,0.0256,2.57638,2.69005,16.7428,16.7685
2,16.7885,2.6624,0.004096,0.0256,2.57229,2.69619,16.3798,16.4041
0,16.4598,2.67264,0.002048,0.026624,2.56512,2.70438,16.7091,16.7262
1,16.5079,2.67162,0.004096,0.0256,2.56717,2.70438,16.4653,16.4826
2,16.6717,2.66138,0.003072,0.026624,2.5815,2.69517,16.3568,16.3738
0,16.5018,2.6665,0.003072,0.026624,2.58867,2.70029,16.8026,16.8194
1,16.8888,2.66854,0.004096,0.024576,2.5856,2.70131,16.4102,16.4267
2,16.6513,2.67878,0.003072,0.026624,2.56512,2.71155,16.8169,16.8324
0,17.0035,2.66547,0.00512,0.0256,2.57434,2.70029,16.6097,16.633
1,16.3389,2.6624,0.003072,0.026624,2.56717,2.69619,16.8587,16.8797
2,16.7444,2.66342,0.004096,0.024576,2.57741,2.69619,16.3167,16.3379
0,16.6072,2.67162,0.004096,0.0256,2.56717,2.70438,16.8141,16.8334
1,16.7731,2.67571,0.003072,0.0256,2.57229,2.70848,16.5931,16.6163
2,16.809,2.66752,0.004096,0.0256,2.57946,2.70131,16.6521,16.668
0,16.4465,2.67059,0.006144,0.024576,2.57843,2.70541,16.8163,16.8324
1,16.6083,2.68186,0.002048,0.027648,2.57741,2.71565,16.4015,16.4208
2,16.7424,2.67776,0.003072,0.026624,2.58765,2.71155,16.6046,16.6227
0,16.3656,2.66854,0.003072,0.026624,2.58253,2.70234,16.5916,16.608
1,16.7035,2.67776,0.003072,0.026624,2.5897,2.71155,16.4714,16.4872
2,17.5411,2.68083,0.003072,0.0256,2.57946,2.7136,16.6184,16.6353
0,15.9734,2.6665,0.004096,0.026624,2.58355,2.70029,17.3989,17.4141
1,17.6609,2.68186,0.004096,0.0256,2.58355,2.71462,15.9925,16.0129
2,16.0512,2.67059,0.004096,0.0256,2.57638,2.70438,17.5169,17.5372
0,16.4516,2.66957,0.003072,0.0256,2.57126,2.70131,15.8862,15.9197
1,16.9441,2.67878,0.001024,0.026624,2.58867,2.71258,16.6825,16.7415
2,16.4188,2.69005,0.004096,0.026624,2.58253,2.72384,16.8207,16.8602
0,17.15,2.66752,0.003072,0.026624,2.58458,2.70029,16.482,16.519
1,15.9642,2.67878,0.003072,0.0256,2.57331,2.71155,16.9546,17.0033
2,17.2923,2.66752,0.003072,0.026624,2.58355,2.70029,15.8621,15.9246
0,16.5478,2.60608,0.003072,0.026624,2.51085,2.63885,17.0999,17.1521
1,17.3609,2.60301,0.003072,0.026624,2.52416,2.6368,16.4779,16.5253
2,15.5812,2.59994,0.004096,0.024576,2.51802,2.6327,17.2016,17.239
0,16.6892,2.6071,0.004096,0.0256,2.52416,2.63987,15.4137,15.5363
1,16.8571,2.61427,0.004096,0.024576,2.52314,2.64602,16.6994,16.7535
2,16.599,2.59994,0.004096,0.024576,2.51699,2.6327,16.6871,16.7289
0,16.8458,2.60403,0.002048,0.026624,2.51085,2.6368,16.5734,16.6135
1,16.3799,2.59789,0.003072,0.0256,2.51802,2.63066,16.7485,16.7894
2,17.3804,2.59379,0.004096,0.024576,2.52314,2.62656,16.4003,16.434
0,16.0256,2.59584,0.00512,0.024576,2.5129,2.62861,17.2041,17.2445
1,16.2806,2.60813,0.003072,0.024576,2.5088,2.63987,16.0322,16.0701
2,17.1807,2.59584,0.002048,0.027648,2.51187,2.62861,16.237,16.2704
0,16.4332,2.5385,0.003072,0.024576,2.46784,2.57024,17.0394,17.0672
1,16.6062,2.55386,0.002048,0.024576,2.47398,2.58355,16.3805,16.4035
2,16.5151,2.54362,0.003072,0.0256,2.49242,2.57638,16.6255,16.6468
0,17.2247,2.54771,0.003072,0.0256,2.47398,2.57946,16.388,16.4087
1,16.2028,2.54874,0.003072,0.024576,2.4791,2.58048,17.1406,17.1578
2,16.6175,2.5559,0.004096,0.024576,2.46682,2.58867,16.2643,16.2888
0,17.2739,2.54874,0.003072,0.024576,2.46989,2.58048,16.5339,16.5591
1,16.4229,2.54874,0.002048,0.024576,2.47296,2.57946,16.7299,16.7499
2,16.5069,2.55898,0.003072,0.024576,2.46989,2.5897,16.5457,16.5655
0,16.7465,2.56307,0.001024,0.026624,2.46374,2.59482,16.2048,16.2246
1,16.2693,2.55181,0.003072,0.026624,2.46784,2.58355,16.4377,16.4585
2,16.7844,2.54874,0.003072,0.024576,2.46989,2.58048,16.1707,16.2004
0,16.9236,2.5559,0.003072,0.024576,2.47808,2.58765,16.5748,16.5954
1,16.4925,2.54874,0.003072,0.024576,2.46886,2.58048,16.2362,16.6324
2,17.0578,2.55078,0.003072,0.0256,2.47194,2.58253,16.1646,16.1939
0,16.2427,2.54157,0.003072,0.0256,2.46682,2.57331,17.0298,17.0624
1,17.4531,2.54259,0.003072,0.024576,2.46886,2.57434,15.7574,15.7916
2,16.042,2.53952,0.004096,0.024576,2.47194,2.57229,17.2105,17.2628
0,16.2857,2.55283,0.004096,0.0256,2.4791,2.5856,15.0228,15.1261
1,16.6697,2.54771,0.004096,0.024576,2.46579,2.58048,16.063,16.1174
2,16.7823,2.5385,0.002048,0.026624,2.46989,2.57024,16.2952,16.3253
0,16.6646,2.56205,0.003072,0.0256,2.47398,2.59379,16.4018,16.4699
1,16.7485,2.54771,0.002048,0.024576,2.4617,2.57741,16.5254,16.5475
2,16.5765,2.53747,0.003072,0.0256,2.4791,2.57024,16.3799,16.4069
0,16.8018,2.56614,0.004096,0.023552,2.48013,2.59789,16.417,16.4413
1,17.6814,2.55181,0.004096,0.024576,2.47398,2.58458,16.4658,16.5048
2,17.154,2.56102,0.003072,0.024576,2.46374,2.59277,17.3095,17.3292
0,15.5668,2.55283,0.003072,0.0256,2.46374,2.58458,16.2525,16.2966
1,16.4639,2.54464,0.002048,0.0256,2.47398,2.57638,14.4802,14.5157
2,17.1059,2.55078,0.003072,0.024576,2.47194,2.58253,16.1862,16.2269
0,16.1341,2.54157,0.004096,0.024576,2.47501,2.57331,16.8304,16.8735
1,17.5974,2.54874,0.003072,0.024576,2.46067,2.58048,16.1263,16.1533
2,15.5269,2.54874,0.003072,0.0256,2.4832,2.58048,17.4294,17.451
0,17.1418,2.55181,0.003072,0.0256,2.47808,2.58355,15.4975,15.5252
1,16.3758,2.53952,0.004096,0.024576,2.47706,2.57126,16.4738,16.5087
2,16.512,2.55898,0.003072,0.024576,2.47398,2.59072,15.9864,16.0265
0,16.7373,2.49344,0.003072,0.0256,2.42483,2.52416,15.8597,15.8912
1,16.8755,2.49958,0.003072,0.024576,2.42483,2.5303,16.5767,16.605
2,16.5386,2.47706,0.004096,0.023552,2.41254,2.50573,16.7575,16.7833
0,17.1387,2.46886,0.002048,0.024576,2.40026,2.49958,16.3875,16.4116
1,16.3676,2.47091,0.002048,0.023552,2.4023,2.50061,17.0946,17.1185
2,16.2427,2.47091,0.003072,0.024576,2.4064,2.50266,16.2897,16.3186
0,17.0097,2.46272,0.003072,0.023552,2.41562,2.49344,16.2442,16.2728
1,16.2509,2.48013,0.00512,0.024576,2.40845,2.5129,16.7877,16.8121
2,16.9574,2.4832,0.003072,0.023552,2.42381,2.51494,16.2266,16.281
0,16.6226,2.48422,0.004096,0.024576,2.40845,2.51494,16.9983,17.021
1,16.3338,2.47808,0.003072,0.024576,2.42586,2.50982,16.4762,16.4962
2,16.8622,2.49344,0.002048,0.0256,2.4105,2.52416,16.4243,16.449
0,17.0179,2.48934,0.002048,0.024576,2.41766,2.52006,16.8297,16.8533
1,16.2161,2.48422,0.003072,0.023552,2.40128,2.51494,16.9018,16.9228
2,16.9656,2.48218,0.003072,0.023552,2.42893,2.51187,16.2076,16.2446
0,16.5765,2.47808,0.003072,0.024576,2.42278,2.5088,16.8701,16.8886
1,16.641,2.48218,0.003072,0.0256,2.42176,2.51392,16.6063,16.6233
2,16.7506,2.48218,0.002048,0.024576,2.40742,2.5129,16.5868,16.6194
0,16.6154,2.4873,0.003072,0.023552,2.41562,2.51802,16.5652,16.5941
1,16.4741,2.48115,0.002048,0.0256,2.42483,2.5129,16.6448,16.6621
2,16.4997,2.48422,0.003072,0.024576,2.43405,2.51494,16.452,16.4721
0,17.6159,2.4873,0.004096,0.023552,2.41254,2.51904,16.5429,16.5632
1,16.5079,2.48218,0.002048,0.0256,2.41869,2.51392,17.1961,17.2166
2,16.3584,2.48525,0.003072,0.024576,2.41869,2.51699,16.7534,16.778
0,16.2744,2.49139,0.004096,0.022528,2.41254,2.52211,16.2542,16.2816
1,16.9677,2.4832,0.004096,0.023552,2.42688,2.51392,16.237,16.2623
2,16.5038,2.48525,0.003072,0.024576,2.4279,2.51597,16.9113,16.9304
0,16.4874,2.4832,0.003072,0.024576,2.42381,2.51392,16.4734,16.5094
1,16.7096,2.47603,0.003072,0.023552,2.42483,2.50675,16.5443,16.5629
2,16.471,2.47706,0.003072,0.023552,2.42176,2.50778,16.7399,16.7581
0,16.8407,2.48422,0.003072,0.023552,2.41869,2.51392,16.2066,16.4115
1,16.5632,2.49344,0.002048,0.0256,2.42278,2.52416,16.6561,16.6755
2,16.7516,2.47398,0.003072,0.023552,2.41766,2.5047,16.5649,16.5824
0,16.8448,2.47603,0.003072,0.023552,2.41971,2.50675,16.748,16.7645
1,16.7875,2.49651,0.003072,0.022528,2.4064,2.52621,16.8148,16.8327
2,16.0389,2.47808,0.003072,0.024576,2.41459,2.50982,16.7712,16.7883
0,17.0035,2.4791,0.003072,0.024576,2.44019,2.51085,16.3396,16.3579
1,16.4495,2.48218,0.003072,0.023552,2.41869,2.5129,16.6067,16.6258
2,16.6175,2.49549,0.003072,0.024576,2.42483,2.52723,16.5373,16.5594
0,16.7526,2.48525,0.001024,0.024576,2.42278,2.51494,16.5132,16.5512
1,17.0209,2.48525,0.004096,0.024576,2.42893,2.51597,16.6965,16.7268
2,17.2472,2.48218,0.004096,0.024576,2.41562,2.51392,16.9157,16.9477
0,16.3564,2.47501,0.003072,0.024576,2.42074,2.50675,17.152,17.1707
1,17.1151,2.48627,0.003072,0.024576,2.4064,2.51802,16.4094,16.4355
2,15.9734,2.49037,0.004096,0.024576,2.41664,2.52109,16.7366,16.7533
0,16.1403,2.46989,0.003072,0.024576,2.41459,2.49958,15.9443,15.9694
1,17.7777,2.47194,0.003072,0.023552,2.42074,2.50266,16.134,16.1575
2,16.6318,2.48013,0.004096,0.023552,2.4279,2.51085,17.615,17.6746
0,15.9949,2.4832,0.003072,0.023552,2.41562,2.5129,16.6957,16.7138
1,16.5396,2.49242,0.002048,0.0256,2.43507,2.52211,15.8155,15.8334
2,16.8786,2.47603,0.004096,0.023552,2.41766,2.50778,16.5889,16.6115
0,16.8929,2.48013,0.004096,0.024576,2.40845,2.51187,16.8891,16.9047
1,16.2396,2.47194,0.002048,0.023552,2.41562,2.50163,16.805,16.8321
2,16.6871,2.47296,0.003072,0.023552,2.41766,2.50368,16.1753,16.2084
0,16.7066,2.4832,0.003072,0.023552,2.41254,2.5129,16.5685,16.5944
1,16.427,2.47808,0.003072,0.0256,2.42176,2.50982,16.6428,16.6672
2,16.9308,2.48115,0.004096,0.024576,2.41357,2.5129,16.4787,16.5017
0,16.8049,2.48115,0.031744,0,2.41254,2.51699,16.7691,16.7861
1,16.2765,2.47398,0.004096,0.023552,2.41254,2.5047,16.8425,16.8604
2,16.939,2.48422,0.002048,0.024576,2.4279,2.51494,16.1406,16.1595
0,16.4495,2.47808,0.003072,0.023552,2.41971,2.5088,16.9225,16.9396
1,16.7803,2.48525,0.002048,0.024576,2.42381,2.51597,16.5345,16.5525
2,16.5796,2.48627,0.003072,0.023552,2.42074,2.51699,16.6826,16.7032
0,16.5519,2.48525,0.003072,0.023552,2.42893,2.51597,16.5712,16.5867
1,16.8049,2.47706,0.003072,0.023552,2.43098,2.50778,16.508,16.5252
2,16.9062,2.47603,0.003072,0.024576,2.42074,2.50778,16.8022,16.818
0,16.4291,2.48832,0.003072,0.022528,2.41152,2.51802,16.8771,16.8931
1,16.4372,2.47603,0.002048,0.024576,2.42893,2.50573,16.3438,16.3628
2,16.7926,2.48422,0.001024,0.024576,2.41766,2.51392,16.4721,16.4911
0,16.6236,2.48832,0.004096,0.023552,2.4279,2.52006,16.6735,16.6986
1,16.5652,2.4791,0.004096,0.024576,2.42074,2.50982,16.6465,16.6632
2,16.8458,2.48013,0.003072,0.024576,2.4361,2.51085,16.5448,16.5609
0,16.4536,2.46989,0.003072,0.023552,2.41562,2.50061,16.7873,16.8026
1,17.1059,2.48525,0.003072,0.024576,2.44019,2.51699,16.4263,16.4455
2,16.3297,2.47296,0.003072,0.024576,2.41459,2.5047,17.0105,17.0279
0,17.4182,2.47603,0.003072,0.023552,2.41869,2.50675,16.3626,16.3807
1,16.0942,2.47603,0.003072,0.023552,2.4105,2.50675,17.3534,17.3704
2,16.4188,2.48627,0.003072,0.0256,2.42176,2.51802,15.9501,15.9863
0,16.7188,2.47808,0.004096,0.023552,2.42586,2.50778,16.5109,16.5447
1,16.9411,2.47706,0.004096,0.023552,2.4279,2.5088,16.6195,16.6403
2,17.5043,2.4832,0.003072,0.023552,2.41562,2.5129,16.853,16.8723
0,16.6748,2.48218,0.004096,0.023552,2.41357,2.51187,17.3685,17.3911
1,15.7286,2.48115,0.003072,0.023552,2.43507,2.51085,16.6675,16.6881
2,17.5892,2.48627,0.003072,0.024576,2.42586,2.51802,15.8555,15.8766
0,16.0174,2.48422,0.003072,0.024576,2.41664,2.51494,17.4214,17.4435
1,16.7025,2.47398,0.004096,0.022528,2.41766,2.50368,15.4772,15.9624
2,16.2068,2.48832,0.003072,0.023552,2.41869,2.51904,16.753,16.7965
0,16.7639,2.49037,0.003072,0.024576,2.42483,2.52211,16.0987,16.136
1,16.5898,2.48934,0.003072,0.023552,2.41766,2.52006,16.7008,16.7405
2,16.6728,2.48115,0.003072,0.023552,2.42176,2.51187,16.5403,16.566
0,16.5294,2.48422,0.004096,0.024576,2.41971,2.51597,16.6237,16.6452
1,16.6257,2.48627,0.003072,0.023552,2.43507,2.51699,16.5671,16.5858
2,16.7619,2.47398,0.004096,0.023552,2.42381,2.50573,16.5348,16.5536
0,16.5028,2.48013,0.003072,0.024576,2.42278,2.51187,17.0172,17.0337
1,16.8479,2.48422,0.003072,0.023552,2.42688,2.51392,16.1795,16.1989
2,17.8166,2.49754,0.002048,0.0256,2.42483,2.52928,16.7471,16.7701
0,15.7501,2.47808,0.001024,0.0256,2.4105,2.50778,17.7584,17.7997
1,16.7721,2.48832,0.003072,0.022528,2.42176,2.51699,15.7118,15.7292
2,16.554,2.48013,0.002048,0.0256,2.4105,2.51085,16.6065,16.6621
0,17.7725,2.47501,0.002048,0.024576,2.42381,2.5047,16.4306,16.4535
1,15.7174,2.49446,0.003072,0.024576,2.41254,2.52518,17.7457,17.7706
2,17.1469,2.47296,0.003072,0.024576,2.42483,2.5047,15.6254,15.651
0,17.1715,2.49651,0.003072,0.024576,2.41357,2.52723,17.1201,17.1416
1,16.6021,2.48627,0.003072,0.023552,2.42483,2.51699,17.1645,17.1896
2,15.7133,2.46989,0.004096,0.023552,2.41869,2.50163,16.4763,16.503
0,16.642,2.47603,0.002048,0.024576,2.41254,2.50675,15.6967,15.7169
1,16.4424,2.4832,0.003072,0.024576,2.41562,2.51392,16.5829,16.599
2,17.2841,2.47706,0.002048,0.024576,2.42688,2.50778,16.3746,16.3908
0,16.0072,2.46784,0.003072,0.024576,2.39002,2.49958,17.3027,17.3181
1,17.0998,2.46886,0.003072,0.024576,2.42995,2.49958,16.0399,16.0556
2,17.8115,2.47808,0.004096,0.024576,2.4064,2.5088,17.0736,17.0929
0,15.5679,2.46682,0.003072,0.022528,2.40026,2.49651,17.7338,17.7537
1,16.9503,2.46784,0.003072,0.0256,2.39411,2.49754,15.5111,15.5312
2,16.0532,2.47398,0.003072,0.023552,2.4105,2.50368,16.8531,16.8986
0,17.2145,2.45555,0.004096,0.0256,2.4064,2.4873,16.5953,16.6216
1,17.8309,2.46784,0.003072,0.023552,2.4064,2.49754,16.42,16.5066
2,16.1956,2.46579,0.002048,0.024576,2.39923,2.49651,17.4583,17.5273
0,16.5755,2.46272,0.004096,0.023552,2.40026,2.49446,16.3825,16.4419
1,17.2063,2.47603,0.002048,0.024576,2.40845,2.50675,16.5319,16.5573
2,15.5556,2.47603,0.002048,0.0256,2.39616,2.50573,17.0149,17.0434
0,16.043,2.36544,0.003072,0.022528,2.32243,2.39514,15.5634,15.6015
1,16.3922,2.36339,0.003072,0.021504,2.32448,2.39206,16.0708,16.1163
2,17.708,2.3552,0.003072,0.022528,2.31936,2.3849,16.3078,16.3348
0,16.3881,2.36339,0.002048,0.022528,2.31526,2.39104,17.6558,17.6856
1,17.28,2.35008,0.003072,0.022528,2.31936,2.37978,16.7543,16.7827
2,17.2759,2.36134,0.003072,0.022528,2.31014,2.39002,16.6362,16.6822
0,16.5274,2.33574,0.003072,0.02048,2.31014,2.36442,17.1609,17.2399
1,16.7363,2.36954,0.003072,0.021504,2.30912,2.39616,16.5202,16.5615
2,16.4157,2.3593,0.002048,0.023552,2.31117,2.38797,16.6269,16.6725
0,17.3496,2.36339,0.002048,0.024576,2.30605,2.39206,16.3152,16.3497
1,15.957,2.36339,0.003072,0.022528,2.30298,2.39309,17.2234,17.2618
2,16.3799,2.3552,0.004096,0.021504,2.31014,2.38387,15.8587,15.9249
0,16.0102,2.23744,0.003072,0.021504,2.21389,2.26509,16.4313,16.4771
1,16.4741,2.22413,0.003072,0.021504,2.21901,2.2528,15.9586,15.9915
2,16.6799,2.23846,0.004096,0.021504,2.2231,2.26714,16.3456,16.3961
0,16.1905,2.22925,0.003072,0.02048,2.21696,2.2569,16.5346,16.5836
1,17.2308,2.23744,0.003072,0.02048,2.21389,2.26509,16.1391,16.2528
2,17.6026,2.22925,0.002048,0.021504,2.21389,2.2569,17.1737,17.2026
0,17.0906,2.2231,0.004096,0.021504,2.19955,2.25178,17.5213,17.5509
1,16.855,2.2313,0.003072,0.021504,2.21389,2.25792,17.0086,17.046
2,15.0047,2.22925,0.003072,0.021504,2.21286,2.25587,16.7319,16.7718
0,17.2104,2.23539,0.002048,0.021504,2.21901,2.26304,14.9281,14.9574
1,16.6451,2.22618,0.003072,0.019456,2.20774,2.25178,17.2178,17.2499
2,16.4301,2.2272,0.003072,0.021504,2.22413,2.2528,16.6775,16.7075
0,18.1248,2.23232,0.002048,0.021504,2.21491,2.25894,16.2118,16.2519
1,14.8613,2.22618,0.002048,0.021504,2.2016,2.25382,18.1086,18.1485
2,17.3804,2.2231,0.003072,0.019456,2.21901,2.2487,14.7954,14.8292
0,17.7562,2.21696,0.003072,0.022528,2.21389,2.24461,17.2783,17.3344
1,16.4383,2.24051,0.003072,0.021504,2.20774,2.26611,17.7752,17.812
2,15.0958,2.24358,0.003072,0.02048,2.21286,2.27021,16.1414,16.1798
0,17.7111,2.22925,0.003072,0.02048,2.22003,2.2569,16.2698,16.3091
1,16.2877,2.23232,0.002048,0.021504,2.20467,2.25894,16.5088,16.5477
2,17.8831,2.2313,0.002048,0.02048,2.22413,2.25587,16.2305,16.2721
0,17.3548,2.23949,0.003072,0.02048,2.20774,2.26714,17.7251,17.7527
1,16.4915,2.2231,0.003072,0.021504,2.21798,2.24973,17.2875,17.3198
2,15.4388,2.23949,0.002048,0.022528,2.2057,2.26611,16.2518,16.2927
0,17.3527,2.1801,0.002048,0.02048,2.16166,2.2057,15.6044,15.6536
1,17.1868,2.18726,0.002048,0.021504,2.15757,2.21491,17.1822,17.2057
2,16.4762,2.18726,0.002048,0.02048,2.16678,2.21389,16.882,16.9157
0,16.4987,2.17805,0.002048,0.02048,2.17395,2.20365,16.5655,16.6089
1,17.3087,2.17805,0.003072,0.019456,2.16986,2.20467,16.5361,16.567
2,16.3492,2.17702,0.002048,0.021504,2.16883,2.20365,17.1727,17.2061
0,15.062,2.18214,0.002048,0.02048,2.16269,2.20877,16.2693,16.315
1,16.7967,2.16474,0.002048,0.02048,2.16883,2.19341,15.0968,15.1383
2,16.6636,2.17907,0.004096,0.02048,2.176,2.20672,16.6777,16.719
0,17.7029,2.176,0.003072,0.02048,2.17498,2.20262,16.6204,16.65
1,16.8387,2.18419,0.002048,0.02048,2.17702,2.20979,17.4996,17.5238
2,16.9646,2.18419,0.002048,0.02048,2.16269,2.21082,16.7868,16.826
0,16.7219,2.05312,0.002048,0.019456,2.08384,2.07974,16.8859,16.9251
1,16.4741,2.05722,0.002048,0.018432,2.07155,2.08179,16.6827,16.718
2,15.7583,2.05824,0.002048,0.019456,2.08179,2.08384,16.4026,16.4431
0,15.0313,2.06234,0.003072,0.019456,2.07872,2.08691,15.8106,15.8459
1,17.4254,2.06029,0.002048,0.018432,2.09818,2.08486,14.9243,14.962
2,16.9523,2.05414,0.001024,0.019456,2.08077,2.0777,17.3147,17.3395
0,17.1131,2.04902,0.003072,0.018432,2.09101,2.0736,16.9207,16.9475
1,17.3599,2.05824,0.002048,0.018432,2.08282,2.08282,17.0475,17.0675
2,16.6666,2.06131,0.002048,0.018432,2.08384,2.08589,17.1734,17.2203
0,17.0168,2.06746,0.003072,0.018432,2.07462,2.09203,16.578,16.6251
1,14.8388,2.05619,0.002048,0.018432,2.07667,2.07974,16.9715,17.0021
2,16.4086,2.06131,0.002048,0.018432,2.09101,2.08589,15.006,15.0489
0,16.7086,2.0265,0.002048,0.018432,2.06336,2.05107,16.0533,16.085
1,17.323,2.02035,0.003072,0.019456,2.048,2.04493,16.8087,16.8379
2,16.8264,2.01216,0.004096,0.019456,2.0521,2.03674,17.2811,17.2998
0,17.6026,2.0224,0.002048,0.018432,2.04288,2.04595,16.686,16.7023
1,14.9033,2.01114,0.003072,0.018432,2.048,2.03674,17.5247,17.5542
2,16.0195,2.01011,0.001024,0.019456,2.05926,2.03264,14.8139,14.8482
0,16.9667,2.02035,0.001024,0.019456,2.0695,2.0439,16.1234,16.1475
1,16.5202,2.0183,0.002048,0.018432,2.05926,2.04186,16.9263,16.9442
2,16.6042,2.01728,0.002048,0.018432,2.06029,2.04083,16.4752,16.4965
0,17.7469,2.02547,0.003072,0.018432,2.05722,2.04902,16.5301,16.5541
1,15.744,2.01011,0.003072,0.019456,2.05414,2.03571,17.7136,17.7359
2,16.6062,2.0224,0.002048,0.017408,2.06541,2.04595,15.6125,15.6299
0,17.1981,2.03059,0.002048,0.018432,2.06438,2.05414,16.5872,16.6084
1,17.0742,2.03162,0.002048,0.019456,2.05824,2.05619,17.1952,17.2124
2,15.9713,2.0265,0.003072,0.018432,2.05414,2.0521,17.0566,17.0734
0,16.0819,2.00909,0.002048,0.018432,2.0521,2.03366,16.1196,16.1348
1,16.6062,2.0183,0.001024,0.019456,2.06643,2.04288,15.9659,15.989
2,16.6564,2.01728,0.002048,0.018432,2.07053,2.03981,16.4177,16.4564
0,16.809,2.02342,0.002048,0.018432,2.06746,2.04595,16.5685,16.587
1,16.6892,2.01933,0.003072,0.018432,2.07053,2.04288,16.776,16.7942
2,16.9738,2.02957,0.003072,0.018432,2.06746,2.05414,16.6624,16.6789
0,16.1464,2.01318,0.002048,0.019456,2.06029,2.03674,16.9065,16.9274
1,16.8305,2.03059,0.002048,0.018432,2.06848,2.05414,16.1346,16.1576
2,16.7475,2.0183,0.001024,0.018432,2.06234,2.04186,16.841,16.8625
0,16.7578,2.0224,0.002048,0.018432,2.06746,2.04698,16.7557,16.7739
1,16.3512,2.00397,0.002048,0.019456,2.06643,2.02752,16.7809,16.7983
2,18.4812,2.02342,0.002048,0.018432,2.0736,2.048,16.4751,16.492
0,15.0241,2.02547,0.003072,0.017408,2.05005,2.05005,18.2005,18.2167
1,17.6323,2.01523,0.002048,0.018432,2.07053,2.03776,14.9624,14.9911
2,16.0901,2.02547,0.002048,0.018432,2.05312,2.04902,17.5286,17.5598
0,16.9267,2.01626,0,0.019456,2.05619,2.03878,15.971,16.007
1,16.3318,2.02547,0.001024,0.018432,2.05312,2.04902,16.967,17.0047
2,16.5079,2.01421,0.002048,0.018432,2.0521,2.03776,16.1605,16.2059
0,16.812,2.01626,0.003072,0.017408,2.06234,2.04083,16.4071,16.447
1,16.1741,2.02957,0.002048,0.018432,2.06131,2.05312,16.7702,16.8089
2,16.5704,2.01933,0.002048,0.017408,2.06234,2.04186,16.1571,16.2005
0,16.7578,2.01318,0.003072,0.018432,2.0695,2.03776,16.5313,16.5606
1,17.0097,2.01318,0.002048,0.018432,2.07462,2.03776,16.689,16.7103
2,16.767,2.01523,0.002048,0.018432,2.05824,2.03776,16.9306,16.9621
0,18.261,2.02035,0.002048,0.017408,2.06848,2.0439,16.6315,16.6694
1,16.0717,2.01626,0.001024,0.018432,2.05107,2.03878,18.2039,18.2325
2,16.5468,2.01728,0.002048,0.018432,2.04595,2.04186,16.0406,16.0926
0,16.3389,2.03059,0.001024,0.018432,2.05312,2.05312,16.507,16.5395
1,16.5612,2.02035,0.003072,0.019456,2.06438,2.0439,16.1873,16.2142
2,17.5565,2.01523,0.002048,0.018432,2.05824,2.03878,16.5507,16.5743
0,16.4762,2.01011,0.003072,0.018432,2.04698,2.03469,17.5298,17.5552
1,16.9994,2.01318,0.002048,0.018432,2.04698,2.03776,16.4369,16.4812
2,16.0891,2.0265,0.002048,0.018432,2.04902,2.05107,16.8718,16.8966
0,16.8571,2.01421,0.002048,0.018432,2.06438,2.03776,16.0942,16.1145
1,16.385,2.02035,0.002048,0.017408,2.0439,2.04288,16.8176,16.836
2,15.9396,2.00909,0.003072,0.017408,2.05312,2.03264,16.2741,16.2958
0,18.05,2.02752,0.002048,0.019456,2.05517,2.05107,15.957,15.9877
1,16.1638,2.01114,0.001024,0.019456,2.0439,2.03469,18.0611,18.0884
2,16.8059,2.01421,0.002048,0.018432,2.05722,2.03776,15.9344,15.9594
0,16.7619,2.0183,0.003072,0.018432,2.048,2.04186,16.767,16.7927
1,16.1352,2.00602,0.002048,0.018432,2.04595,2.02957,16.6824,16.6998
2,16.7782,2.01011,0.003072,0.018432,2.05824,2.03469,16.1319,16.1507
0,17.3312,2.01421,0.002048,0.018432,2.05722,2.03878,16.7576,16.775
1,16.1864,2.0183,0.003072,0.018432,2.05414,2.04288,17.2489,17.2687
2,16.9124,2.03059,0.001024,0.019456,2.05619,2.05414,16.1467,16.169
0,15.2279,2.02547,0.003072,0.018432,2.0521,2.04902,16.889,16.9139
1,16.7721,2.02752,0.002048,0.019456,2.06029,2.05107,15.0994,15.1238
2,17.7981,2.01421,0.003072,0.018432,2.06438,2.03878,16.7876,16.8121
0,15.3559,2.03264,0.002048,0.019456,2.05107,2.05619,17.6849,17.7072
1,16.937,2.03469,0.002048,0.018432,2.07565,2.05824,15.3201,15.3521
